0000f197
dae18193
fc100513
0605600b
42014081
43014281
44014381
45014481
46014581
47014681
48014781
49014881
4a014981
4b014a81
4c014b81
4d014c81
4e014d81
4f014e81
c0ef4f81
a0012530
00000000
00000000
00000000
00000000
f8810113
c20ec006
c616c412
ca1ec81a
ce26cc22
d22ed02a
d636d432
da3ed83a
de46dc42
c2cec0ca
c6d6c4d2
cadec8da
cee6cce2
d2eed0ea
d6f6d4f2
dafed8fa
0000050b
0000858b
6aa040ef
41924082
42b24222
43d24342
44f24462
55925502
56b25622
57d25742
58f25862
49964906
4ab64a26
4bd64b46
4cf64c66
5d965d06
5eb65e26
5fd65f46
07c10113
0400000b
7139729d
3c028293
d84adc22
cc62ce5e
c66eca66
da26de06
d452d64e
d05ad256
9116c86a
c62a893e
0793c442
8bb202c0
8cba8c36
89638446
079304f8
9c630410
678528f8
ced78793
02f59e63
7a000493
03000a93
00080db7
0c400d13
09934b19
a0990800
00fc86b3
0006c683
0fa30785
a0d902d7
00db87b3
0007c783
8fa30685
a0c102f4
a4255a7d
87936785
9be39747
0493fef5
0a935200
0db70200
0d130002
4b1104e0
0c000993
67894622
53078793
002785b3
080886a2
38a020ef
87936785
8a339307
46b20027
87936799
87225307
00278633
188885d2
6fc020ef
8552f545
85b38622
20ef41ad
8a2a3d30
4622fd41
0f010d13
059386a6
856a0400
67a129f9
53078793
002784b3
06136609
45817106
a0ef8526
47817ca0
04000713
00fd0633
00064603
00f486b3
80230785
97e300c6
8d26fee7
47818726
95e30705
94caf327
04854681
f38698e3
879367a1
8c335307
86930027
96ca0406
05938662
18080400
0b9329ad
86225301
855e188c
30d030ef
879367ad
8933c407
854a0027
080c8622
790020ef
8cbe6785
93078793
00278633
85a28532
165020ef
87936791
84b35307
86130027
081c920c
86a2963e
852685ca
2a5020ef
30ef855e
678973e0
53078793
00278933
854a85a2
4cd020ef
854a85a2
505020ef
864a86a2
854a85de
579020ef
864a86a2
852685a6
455020ef
852685a2
375020ef
852685a2
51d020ef
852685a2
3a5020ef
87936799
86335307
86a20027
852685a6
707020ef
85a68622
20ef1a08
86b375d0
47810369
04868713
00fc0633
00060023
ebe30785
6721fee7
53070713
00270633
18184781
04000593
00f70833
00084803
00f60533
00230785
97e30105
4701feb7
86331a1c
460300e7
07050006
0fa30d05
98e302cd
67a1fee6
53078793
86331900
86930027
85d60406
26b18522
18984781
00f70633
00f406b3
00064603
0006c683
ded610e3
95e30785
62e5fefa
c4028293
50f29116
54628552
594254d2
5a2259b2
5b025a92
4c624bf2
4d424cd2
61214db2
67858082
21378793
daf594e3
84936485
0a93a204
0db70400
0d130008
4b210780
0893b3ad
e1630ff0
712d04f8
10112e23
00010623
00f106a3
00c10893
08854301
00f31c63
08930078
079302c0
39f90023
11c12083
80826115
00670e33
000e4e03
80a30305
bfe101c8
8082557d
0ff00893
04f8e163
2e23712d
06231011
06a30001
089300f1
430100c1
1c630885
007800f3
04100893
00230793
20833951
611511c1
0e338082
4e030067
0305000e
01c880a3
557dbfe1
08938082
e1630ff0
712d04f8
10112e23
00010623
00f106a3
00c10893
08854301
00f31c63
08930078
07930570
31a90023
11c12083
80826115
00670e33
000e4e03
80a30305
bfe101c8
8082557d
8e2e832a
85361141
86f285ba
87c2873e
861a8832
c606c422
37218446
c00840b2
01414422
832a8082
11418e2e
85ba8536
873e86f2
883287c2
c422861a
8446c606
40b23735
4422c008
80820141
8e2e832a
85361141
86f285ba
87c2873e
861a8832
c606c422
3f818446
c00840b2
01414422
715d8082
de4ec0ca
da56dc52
c686ce6e
c2a6c4a2
d65ed85a
d266d462
8aaad06a
49814a21
08000913
1d136db5
44010029
fff90c93
00190c13
87930985
9713aacd
97ba0029
14934390
0bb30024
94d60089
87338b22
430801a4
c432c63a
02a615b3
05330b05
10ef02a6
409c6d10
46224732
c31c8f89
0693409c
97aa0ff0
0491c09c
fd7b69e3
00140793
e3634701
876600fb
943a9462
fa86f2e3
59131a7d
16e30019
40b6f80a
44964426
59f24906
5ad25a62
5bb25b42
5c925c22
4df25d02
80826161
d4227179
c85acc52
c266c65e
d606c06a
d04ad226
ca56ce4e
842ac462
0b934b21
4a051000
0d136cb5
49010ff0
87931bfd
9713aacc
97ba002b
0007aa83
01490c33
00291993
002c1493
41500ab3
94a299a2
05896863
018a0933
fd2d7ae3
0a061b7d
fc0b15e3
091364a9
84934004
40083fa4
029515b3
02950533
5ff010ef
0411c008
fe8917e3
542250b2
59025492
4a6249f2
4b424ad2
4c224bb2
4d024c92
80826145
0009a503
0905409c
97aa0991
fef9ae23
8d1d409c
95b3c088
853302aa
10ef02aa
c0885b90
b7690491
85b2872e
86aa8636
a06f450d
872e6f80
863685b2
451186aa
6ea0a06f
071386aa
45051000
6de0a06f
071386aa
45092000
6d20a06f
110172f9
25028293
ca26c64e
cc22ce06
c452c84a
c05ac256
17239116
06a300a1
84b600c1
06b7460d
ceb00100
00e15703
87410742
00074563
46918736
5703c314
079300e1
8b21db01
0713cb09
a2235200
670526e7
a0070713
d703a829
8b4125e7
20070863
7a000713
26e7a223
07136705
0413fc07
a423db01
079326e7
53f82004
d7f8830d
830d57b8
5783dbb8
83a525e4
03f7f793
26f401a3
25e45783
87c107c2
0407dd63
26344583
00d06539
43050513
661090ef
010007b7
05b7473d
06370100
06b70100
cfb80100
06858593
06134781
86930646
45210606
00279713
27039722
c1982947
00178713
9722070a
29472703
c2180789
91e34298
07b7fea7
470d0100
0713cfb8
c3d80550
05c78713
8391431c
fff7c793
07c7f793
07b7dbf5
06370100
a2230100
88130007
851306c7
47010707
db010793
07460613
02000893
00082683
85b34114
f69300e7
8a230ff6
411426d5
00170593
82a195be
0ff6f693
26d58a23
05934114
95be0027
f69382c1
8a230ff6
410c26d5
00370693
81e196be
26b68a23
0693420c
96be0047
0ff5f593
26b68a23
05934214
95be0057
f69382a1
8a230ff6
421426d5
00670593
82c195be
0ff6f693
26d58a23
0693420c
96be0077
8a2381e1
072126b6
f7171ce3
25d7c703
0e071e63
25e7d703
cf458b21
87936785
10d0a8c7
00f105b3
30ef1048
08b76590
45010100
07934681
8e93db01
8f1307c8
8f930808
02930788
439907e0
02088313
88134415
8e130588
44850188
a703490d
616326c7
678510e5
01000337
db078793
08934501
0733db01
0f1300f1
0f9307c3
02930803
03930783
441907e0
02030e13
08134495
0e930583
49050183
a783498d
6f632708
07b716f5
ac230100
a0230407
a0b50007
25e7d703
02077713
dc0709e3
07136705
a223a207
670526e7
32070713
d703b3dd
8b4125e7
6785cb19
a8c78793
05b310d0
104800f1
5a7030ef
d783b789
f79325e7
d39d0207
87936785
10d0a8c7
00f105b3
30ef1048
b7155950
25e7d703
c7058b21
85a610d0
30ef1048
62895690
db028293
40f29116
44d24462
49b24942
4a924a22
61054b02
d7038082
8b4125e7
10d0c719
104885a6
547030ef
d783bfc9
f79325e7
dfdd0207
85a610d0
30ef1048
bf7553d0
00351713
00e78633
2b464a03
00170613
4583963e
06132b46
963e0027
2b464983
00370613
4603963e
09c22b46
e5b305a2
e5b30135
06620145
06138dd1
963e0047
2b464a83
00670993
00570613
963e99be
2b464603
ca03071d
973e2b49
2b474983
00861713
010a1613
67338f51
96130157
8f510189
00bea023
00ef2023
000fa703
93630685
a0230256
20230078
a0230053
20230088
20230008
2023009e
46810128
05420505
bd918141
26c7a703
19e3177d
a023fea7
20230078
bfd100d3
00351793
00f70633
cdc64a83
00178613
4583963a
8613cdc6
963a0027
cdc64a03
00378613
4603963a
0a42cdc6
e5b305a2
e5b30145
06620155
86138dd1
963a0047
cdc64b03
00678a13
00578613
963a9a3a
cdc64603
4a83079d
97bacdca
cdc7ca03
00861793
010a9613
e7b38fd1
16130167
8fd1018a
00bf2023
00ffa023
0002a783
93630685
20230276
20230083
2023007e
20230093
a0230008
2023012e
46810138
05420505
bbe18141
2708a783
99e317fd
2023fea7
20230083
bfd100de
717972ed
24028293
d422d606
d04ad226
cc52ce4e
c85aca56
9116c65e
01000737
00a11723
cf34468d
c3144691
00e15703
dc010793
cb118b21
07136705
aa23a007
670524e7
97470713
d703a831
8b4124e7
2e070a63
07136705
aa23fc07
670524e7
ced70713
26e7a223
06934752
07b707e0
830d0100
4762cc3a
02d75733
4762ce3a
02d77733
5712d03a
d43a830d
05500713
8713c3d8
431c05c7
c7938391
f793fff7
dbf507f7
010006b7
0006a223
57fc87b6
05135ab0
009807e0
5af0d632
fc010793
57f0dbb0
dfb0820d
56335fb0
dff002a6
76335fb0
c31002a6
073757e0
07930100
881d0550
0713c2dc
431c05c7
c7938391
f793fff7
dbf50607
010007b7
a22388be
83130007
861306c7
47010707
dc010793
07488693
10000e13
00032503
88334208
751300e7
02230ff5
420828a8
00170813
8121983e
0ff57513
28a80223
08134208
983e0027
75138141
02230ff5
280328a8
05130006
953e0037
01885813
29050223
0006a803
00470513
7813953e
02230ff8
42882905
00570813
8121983e
0ff57513
28a80223
08134288
983e0067
75138141
02230ff5
a80328a8
05130006
953e0077
01885813
29050223
17e30721
4715f7c7
00e8a023
01000737
04072c23
cf104605
cf34468d
24e7d783
87c107c2
0007c563
a0234791
570300f8
074200e1
5b638741
67850007
00e15503
38c78793
00f106b3
3a9d4605
051347f2
9463dc01
57821607
dc010713
2a079563
01000eb7
a0234391
57f2007e
dc010893
4c079e63
07134786
9363dc01
c4755207
010007b7
05900713
85bec3d8
05c78713
8391431c
fff7c793
07f7f793
07b7dbf5
a2230100
57f20007
07e00813
87b34706
06b70307
45050100
5ab0d6e8
0ff67613
078e97ba
07c2670d
dc070713
83c1970a
00f70833
8ec80823
88335ab0
983a00a7
76138221
08230ff6
5ab08ec8
00278813
8241983a
0ff67613
8ec80823
86935ab0
96ba0037
88238261
06b78ec6
a8030100
86130746
963a0047
0ff87813
8f060823
88135af0
983a0057
76138221
08230ff6
5af08ec8
00678813
8241983a
0ff67613
8ec80823
07468693
079d4294
82e197ba
8ed78823
c19c4795
010007b7
0407ac23
470dcf88
4791cfb8
5783c19c
071300e1
8ba1dc01
56078763
26c72583
28036605
65092707
38c60613
6b050513
185800dc
960a02d4
20ef950a
ab8d2370
24e7d703
02077713
ce0706e3
07136705
aa233207
670524e7
21370713
5783b311
468124e5
87c107c2
e807c9e3
02b76785
03370100
0eb70100
87930100
0311dc07
05700493
05ce8e93
07d00913
3f000993
06c28f13
86134385
07330702
859300f1
4a150742
05828e13
01828f93
4b114a8d
25c52783
e4f6f3e3
00932023
000ea783
c7938391
f793fff7
79e307f7
87b3fef9
20230336
08130003
07c207e0
078583c1
007f2023
00062b83
fff78893
fb9398ba
86230ffb
28835d78
0bb30006
187d00f7
0088d893
0ff8f893
5d1b8623
00062883
00178b93
d8939bba
f8930108
86230ff8
2b835d1b
88930006
98ba0027
018bdb93
5d788623
0005ab83
00378893
fb9398ba
86230ffb
a8835d78
8b930005
9bba0047
0088d893
0ff8f893
5d1b8623
0005a883
00578b93
d8939bba
f8930108
86230ff8
ab835d1b
88930005
98ba0067
018bdb93
5d788623
0ff87813
1be307a1
a023f408
20230142
a023000e
2023007f
0685015e
0162a023
0ff6f693
5783b721
07c224e7
c9e387c1
07b7d407
06930100
c3d40580
05c78693
2603429c
83912607
fff7c793
07f7f793
fec7e8e3
010007b7
0007a223
25c72703
3f000793
01000e37
02f70733
05b76785
87930100
0537dc07
46010100
dc010313
06ce0e13
85934e85
07420705
06b38341
051300f1
27830745
6f632603
073700f6
47950100
2c23c31c
46050407
468dcf10
4791cf34
b1e9c31c
01de2023
0005a883
00361793
00e78833
0ff8f893
06239836
a8835d18
88130005
983a0017
0088d893
0ff8f893
06239836
a8835d18
88130005
983a0027
0108d893
0ff8f893
06239836
a8835d18
88130005
983a0037
0188d893
06239836
28835d18
88130005
983a0047
0ff8f893
06239836
28835d18
88130005
983a0057
0088d893
0ff8f893
06239836
28835d18
88130005
983a0067
0108d893
f8939836
06230ff8
28035d18
079d0005
581397ba
97b60188
86230605
76135d07
b7150ff6
01232023
000f2783
c7938391
f793fff7
f9e307f7
87b3fef9
20230346
05130003
07c207e0
078583c1
009fa023
00062b83
fff78813
fb93983a
08230ffb
28038f78
0bb30006
157d00f7
00885813
0ff87813
8f0b8823
00062803
00178b93
58139bba
78130108
88230ff8
2b838f0b
88130006
983a0027
018bdb93
8f780823
0005ab83
00378813
fb93983a
08230ffb
a8038f78
8b930005
9bba0047
00885813
0ff87813
8f0b8823
0005a803
00578b93
58139bba
78130108
88230ff8
ab838f0b
88130005
983a0067
018bdb93
8f780823
0ff57513
f93907a1
015ea023
000e2023
0092a023
016e2023
a0230685
f693007e
a7830ff6
e7e327c8
b62df0f6
0337678d
0f370100
0fb70100
06370100
87930100
05b7dc07
0e370100
02b70100
46810100
09130311
0f130570
099305cf
0a1307d0
8f933f00
448506cf
07060613
00f10733
07458593
0e134a95
02e1058e
b7554b0d
010007b7
05800693
8693c3d4
429c05c7
28072603
c7938391
f793fff7
e8e307f7
07b7fec7
a2230100
27030007
079327c7
0e373f00
07330100
678d02f7
010005b7
dc078793
01000537
03134601
0e13dc01
4e8506ce
07058593
83410742
00f106b3
07450513
28032783
00f66f63
01000737
c31c4795
04072c23
cf104605
cf34468d
c31c4791
2023bca9
a88301de
17930005
88330036
f89300e7
98360ff8
8f180823
0005a883
00178813
d893983a
f8930088
98360ff8
8f180823
0005a883
00278813
d893983a
f8930108
98360ff8
8f180823
0005a883
00378813
d893983a
98360188
8f180823
00052883
00478813
f893983a
98360ff8
8f180823
00052883
00578813
d893983a
f8930088
98360ff8
8f180823
00052883
00678813
d893983a
98360108
0ff8f893
8f180823
00052803
97ba079d
01885813
060597b6
8f078823
0ff67613
5783b715
8bc124e7
2583c3f5
660526c7
27072803
06136509
051338c6
00dc6b05
02d41858
950a960a
4d8020ef
01000837
45014601
dc010693
07c80e13
08080e93
07880f13
07e00f93
08934299
43950208
05880593
01880313
448d4405
2686a783
0af66e63
2646a603
ce218a1d
45014781
488d4801
dc010693
2686a703
00379593
973e070e
47039736
d7633847
158114f8
00b71733
07858d59
fec790e3
010007b7
0707ae23
08a7a023
5f38873e
47194695
4705c398
c394d398
0407ac23
470dcf98
07b7cfb8
ac230100
62950407
0007a023
dc028293
50b29116
54925422
49f25902
4ad24a62
4bb24b42
80826145
24e75683
0206f693
9a0682e3
26c72583
28036605
65092707
38c60613
6b050513
185800dc
960a02d4
20ef950a
bf093fe0
00361793
00f68733
38474a03
00278913
00178713
97369936
38474703
38494983
00378913
49039936
09c23849
67330722
67330137
09620147
01276933
00478713
4a839736
89933847
87130067
99b60057
47039736
079d3847
3849ca03
c98397b6
17933847
17130087
8fd9010a
0157e7b3
01899713
20238fd9
a023012e
278300fe
0505000f
03f51263
00582023
01f8a023
00782023
0005a023
00832023
4501c184
06420605
bd698241
2686a783
99e317fd
2023fec7
a0230058
bfd900a8
00b71733
00e86833
0113bd5d
72f1b001
4e112e23
4e812c23
4e912a23
4f212823
4f312623
4f412423
4f512223
4f612023
4d712e23
4d812c23
4d912a23
07379116
17230100
468d00a1
4691cf34
5703c314
079300e1
8b214d01
0713cb09
a2235200
6705b4e7
97470713
d703a829
8b41b3e7
4c070863
7a000713
b4e7a223
07136705
aa23ced7
5712b4e7
07b746d2
828d0100
4662cc36
07e00693
02d65633
4662ce32
02d67633
5612d032
d432820d
56335622
d63202d6
76b35622
d83602d6
05500693
8693c3d4
429c05c7
c7938391
f793fff7
dbf507f7
010006b7
0006a223
57fc87b6
05935ab0
079307e0
da320550
dc325af0
820d5652
5672de32
02b65633
5672c0b2
02b67633
5852c2b2
c2dc5592
010006b7
00787813
8693899d
429c05c6
c7938391
f793fff7
dbf50607
01000e37
010007b7
0007a223
06ce0e93
05134781
0693070e
06134d01
0f13074e
a8831000
2883000e
83330005
f89300f6
00230ff8
2883b913
83130005
93360017
0088d893
0ff8f893
b9130023
00052883
00278313
d8939336
f8930108
00230ff8
2303b913
88930005
98b60037
01835313
b8688023
00062303
00478893
731398b6
80230ff3
2883b868
83130006
93360057
0088d893
0ff8f893
b9130023
00062883
00678313
d8939336
f8930108
00230ff8
2303b913
88930006
98b60077
01835313
b8688023
9ee307a1
0337f5e7
44950100
009e2023
01000fb7
04032c23
42850fe1
005fa023
0ab7490d
49910100
01000f37
010003b7
05232c23
05830313
013e2023
07934881
9f4e4d01
05700b13
05c38393
07d00b93
3f000a13
06ca8413
070a8e13
074a8e93
b4c7a683
30d8e763
05800793
01000637
00ff2023
05c60613
4d010693
a503421c
8391b506
fff7c793
07f7f793
fea7e8e3
010007b7
0007a223
b4c6a783
3f000613
01000eb7
02c787b3
01000337
01000e37
8e934881
4f0506ce
07030313
074e0e13
b6f6ac23
4d010793
b507a683
3ad8e063
01000f37
20234915
2c23012f
0f93040f
4385018f
007fa023
2c23498d
4a11053f
014f2023
b707a783
058f0893
54079163
06934796
9e634d01
06635607
07b71008
06930100
c3d40590
869388be
429c05c7
c7938391
f793fff7
dbf507f7
010007b7
0007a223
05134686
461607e0
02a686b3
96b24305
c4b6068e
010006b7
0666a623
0706a803
45268636
86936689
968a4d06
78139536
08230ff8
28038f05
45260706
00885813
9536951a
0ff87813
8f050823
07062803
58134526
05090108
78139536
08230ff8
5a288f05
81614626
9636060d
8ea60823
01000637
07462803
06134526
78130746
05110ff8
08239536
28038f05
45260006
00885813
95360515
0ff87813
8f050823
00062803
58134526
05190108
78139536
08230ff8
42108f05
57934526
051d0186
882396aa
47958ef6
00f8a023
010007b7
0407ac23
0067ac23
cfb4468d
a0234791
56b200f8
4d010793
6a069763
069357c2
91634d01
c9f56e07
010007b7
05900693
883ec3d4
05c78693
8391429c
fff7c793
07f7f793
07b7dbf5
a2230100
56320007
07e00513
063355c2
488502a6
4d010793
fd010693
060e962e
0637deb0
26230100
5a280716
75135eac
95be0ff5
6aa58423
5eac5a28
95c68121
751395be
84230ff5
5a286aa5
81415eac
95be0589
0ff57513
6aa58423
5eb05a2c
060d81e1
0423963e
06376ab6
5a680100
06135eac
75130746
05910ff5
842395be
42086aa5
81215eac
95be0595
0ff57513
6aa58423
5eac4208
05998141
751395be
84230ff5
42106aa5
56935eac
059d0186
842397ae
47956ad7
00f82023
010007b7
0407ac23
0117ac23
cfb4468d
20234791
568300f8
c68200e1
4d010793
8e638aa1
a5837006
0893b647
a80304c1
089cb687
65096685
b7868693
dc050513
0a90968a
e0ef950a
a7059a3f
b3e7d703
02077713
b00709e3
07136705
a223a207
6705b4e7
21370713
2023b61d
a683016f
82910003
fff6c693
07f6f693
fedbf9e3
034886b3
000f2023
b6d7ac23
20234681
86130054
2c03b007
5e28000e
0ffc7c13
953e9536
c9850023
000e2c03
5c135e28
0505008c
7c139536
953e0ffc
c9850023
000e2c03
5c135e28
0509010c
7c139536
953e0ffc
c9850023
000e2c03
5c135e28
050d018c
953e9536
c9850023
000eac03
7c135e28
05110ffc
953e9536
c9850023
000eac03
5c135e28
0515008c
7c139536
953e0ffc
c9850023
000eac03
5c135e28
0519010c
953e9536
0ffc7c13
c9850023
000ea503
81615e30
9636061d
0023963e
06a1c8a6
f54695e3
009aa023
00032023
005fa023
01232023
a0230885
f893013a
bedd0ff8
01eea023
b0078613
00032f83
96935e28
ff930038
95360fff
0023953e
2f83c9f5
5e280003
df930885
0505008f
ff939536
953e0fff
c9f50023
00032f83
f8935e28
df930ff8
0509010f
ff939536
953e0fff
c9f50023
00032f83
df935e28
050d018f
953e9536
c9f50023
000e2f83
ff935e28
05110fff
953e9536
c9f50023
000e2f83
df935e28
0515008f
ff939536
953e0fff
c9f50023
000e2f83
df935e28
0519010f
953e9536
0fffff93
c9f50023
000e2503
061d5e30
96be96b2
01855613
c8c68023
a023be71
401c0162
c7938391
f793fff7
fae307f7
07b3fefb
a0230355
ac230002
4781b6fe
0074a023
b00e8613
00032c83
07862c03
0ffcfc93
9c369c3e
8f9c0823
00032c83
07862c03
008cdc93
9c3e0c05
0ffcfc93
08239c36
2c838f9c
2c030003
dc930786
0c09010c
fc939c3e
9c360ffc
8f9c0823
00032c83
07862c03
018cdc93
9c3e0c0d
08239c36
2c838f9c
2c03000e
fc930786
0c110ffc
9c369c3e
8f9c0823
000e2c83
07862c03
008cdc93
9c3e0c15
0ffcfc93
08239c36
2c838f9c
2c03000e
dc930786
0c19010c
9c369c3e
0ffcfc93
8f9c0823
000e2c03
5c135e30
061d018c
9636963e
8f860823
9de307a1
2023f357
a023012f
a0230008
a023007f
05050138
014f2023
0ff57513
b70ea783
eef56be3
6789b4d1
010002b7
01000437
010004b7
01000337
4d078793
01000e37
0e934501
02914d01
05700b13
05c40413
07d00b93
3f000a93
06c48493
07030313
00f106b3
074e0e13
07b7bf55
06130100
c3d00580
05c78613
a503421c
8391b746
fff7c793
07f7f793
fea7e8e3
010007b7
0007a223
b706a783
3f000613
01000f37
02c787b3
01000337
01000e37
0e934881
0f134d01
4f8506cf
07030313
074e0e13
b6f6ac23
87936789
978a4d07
b74ea683
00d8ef63
010006b7
c29c4795
0406ac23
ce884505
ceb0460d
c29c4791
2023b419
861301ff
2283b00e
5e280003
00389693
0ff2f293
953e9536
8e550823
00032283
08855e28
0082d293
95360505
0ff2f293
0823953e
22838e55
5e280003
0ff8f893
0102d293
95360509
0ff2f293
0823953e
22838e55
5e280003
0182d293
9536050d
0823953e
22838e55
5e28000e
0ff2f293
95360511
0823953e
22838e55
5e28000e
0082d293
95360515
0ff2f293
0823953e
22838e55
5e28000e
0102d293
95360519
f293953e
08230ff2
25038e55
5e30000e
96b2061d
561396be
88230185
bf398ec6
012e2023
000f2683
c6938291
f693fff6
f9e307f6
06b3fed9
20230278
ac23000e
4681b6d7
009fa023
b0078613
0008ab83
fb935e28
95360ffb
0423953e
ab836b75
5e280008
008bdb93
95360505
0ffbfb93
0423953e
ab836b75
5e280008
010bdb93
95360509
0ffbfb93
0423953e
ab836b75
5e280008
018bdb93
9536050d
0423953e
2b836b75
5e280003
0ffbfb93
95360511
0423953e
2b836b75
5e280003
008bdb93
95360515
0ffbfb93
0423953e
2b836b75
5e280003
010bdb93
95360519
fb93953e
04230ffb
25036b75
5e300003
061d8161
963e9636
6aa60423
95e306a1
2023f476
a0230144
a023000e
a0230092
0805015e
01642023
0ff87813
b5c7a683
f0d862e3
0437baa1
0e370100
0f370100
48010100
09130e11
0f130570
099305cf
039307d0
0f933f00
448506c4
07040893
07440313
0e934a15
02930584
4a8d0184
bf6d4b11
010007b7
05800613
8613c3d0
421c05c7
b606a503
c7938391
f793fff7
e8e307f7
07b7fea7
a2230100
a7830007
0613b5c6
0e373f00
87b30100
08b702c7
03370100
48010100
06ce0e13
88934e85
03130708
ac230743
0793b6f6
a6834d01
6f63b607
06b700d8
47950100
ac23c29c
45050406
460dce88
4791ceb0
b065c29c
01de2023
b0078613
0008af03
16935e28
7f130038
95360fff
0423953e
af036be5
5e280008
5f130805
0505008f
7f139536
953e0fff
6be50423
0008af03
78135e28
5f130ff8
0509010f
7f139536
953e0fff
6be50423
0008af03
5f135e28
050d018f
953e9536
6be50423
00032f03
7f135e28
05110fff
953e9536
6be50423
00032f03
5f135e28
0515008f
7f139536
953e0fff
6be50423
00032f03
5f135e28
0519010f
953e9536
0fff7f13
6be50423
00032503
061d5e30
96be96b2
01855613
6ac68423
d683bf39
8ac1b3e7
a583c6c9
6685b647
b687a803
86936509
0513b786
0893dc05
089c04c1
0a90968a
e0ef950a
46b6aa8f
01000737
df7487ba
08072023
46855fbc
c31c4799
4795d314
2c23c31c
cf140407
cf34468d
04072c23
00072023
91166291
4fc12083
4f812403
4f412483
4f012903
4ec12983
4e812a03
4e412a83
4e012b03
4dc12b83
4d812c03
4d412c83
50010113
d6838082
a583b3e7
a803b647
f693b687
08930206
089c04c1
840688e3
65096685
b7868693
dc050513
0a90968a
e0ef950a
b7b5a3af
17231141
578300a1
8b8500e1
5503cb81
468100e1
01414601
bfcfe06f
00e15783
c7918b89
00e15503
e06f0141
5783883f
8b9100e1
5503c791
014100e1
adaff06f
80820141
17fd6785
777997ae
8d998f7d
d513c10c
808240d7
07f58793
02c00713
879d86aa
04e61563
0713670d
87b3c0b7
073702e7
97ba0080
071387e1
8f1d02b0
4713877d
7533fff7
27b700f7
8793fffd
07b38007
e73702f5
0705007f
f7b795be
8f8d003f
8ff987fd
c28c8d9d
07138082
87b34010
073702e7
97ba0020
f51387d9
07b700f7
8793fff8
b7e12007
02c00793
1663872a
67dd02f6
40078793
0002f6b7
869397aa
45058006
04f6e663
879377a5
4501c007
04f71063
00b03533
07b78082
87930004
97aaf007
000806b7
04100513
e0068693
00a61d63
ed634505
07b700f6
8793fffc
09e31007
4501fcf7
f8e38082
4505fef6
11018082
842ecc22
006885aa
ce06ca26
3f0984b2
02c00793
02f49363
47b2c809
00f05c63
02b00793
02f50463
40f20505
44d24462
80826105
157dcd11
d865bfcd
556347b2
050500f0
b7d5893d
bfed157d
bff14501
02b00513
27b7bfd9
07850380
02f507b3
ff802737
3533177d
97b300a0
97ae02e7
8082953e
004007b7
273797aa
177dff80
87b387dd
953e02e7
e7378082
5793007f
070541f5
953e8ff9
11418082
3fd9c606
e73740b2
5793007f
070541f5
953e8ff9
80820141
c64e1101
cc22ce06
c84aca26
478189b2
02000713
00f58633
00064803
00f50633
00230785
97e30106
0793fee7
491102c0
00f68863
04100793
93634921
491900f6
02050413
95934481
852200a4
048595ce
30f010ef
14040413
fe9917e3
446240f2
494244d2
610549b2
11018082
ce06c64e
ca26cc22
89aec84a
07134781
05b30200
c80300f6
05b30005
078500f5
01058023
fee797e3
02c00793
88634911
079300f6
49210410
00f69363
04134919
44810206
00a49513
954e85a2
10ef0485
04132eb0
17e31404
40f2fe99
44d24462
49b24942
80826105
ce4e7179
c85aca56
d606c266
d4228cbe
d04ad226
c65ecc52
0793c462
8aba02c0
89c68b42
0cf88f63
04100793
0ef89063
4a194915
08000493
07934701
88330200
488300e5
08330008
070500e5
01180023
fef717e3
07934701
85b30200
c80300e6
05b30005
070500e5
03058023
fef717e3
07934681
07330400
458300d6
07330007
068500d5
04b70023
fef697e3
08050413
4b818c22
00ab9593
864e8562
0b8595e6
02b010ef
e7e39c26
0933ff2b
944a0299
49018ba2
00a91593
864e855e
090595da
00b010ef
67e39ba6
04b3ff49
9426029a
95934481
852200a4
048595d6
24d010ef
1a040413
ff44e7e3
542250b2
59025492
4a6249f2
4b424ad2
4c224bb2
61454c92
49118082
04938a4a
b73d0600
4a21491d
7179bfdd
ca56ce4e
c266c85a
d6068b3e
d226d422
cc52d04a
c462c65e
02c00793
8cba8ab6
8f6389c6
07930cf8
90630410
49150ef8
04934a19
47810800
02000713
00f806b3
0006c883
00f506b3
80230785
97e30116
4681fee7
02000793
00d80733
02074503
00d60733
00230685
97e300a7
4601fef6
04000793
00c80733
04074683
00c58733
00230605
17e300d7
0413fef6
8c220808
95134b81
85e200ab
9566864e
10ef0b85
9c267ea0
ff2be7e3
02990933
8ba2944a
15134901
85de00a9
955a864e
10ef0905
9ba67ca0
ff4967e3
029a04b3
44819426
00a49513
955685a2
10ef0485
04132130
e7e31a04
50b2ff44
54925422
49f25902
4ad24a62
4bb24b42
4c924c22
80826145
8a4a4911
06000493
491db73d
bfdd4a21
ce4e7179
c266c65e
d422d606
d04ad226
ca56cc52
c462c85a
02c00793
8bb68cb2
0f6389ba
079300f7
16630410
07130cf7
0a130300
49150370
04934a99
a8092800
07134911
0a130200
8aca0500
24000493
86b34781
c60300f5
06b30006
078500f5
00c68023
fee797e3
00f50433
4b018c22
00ab1593
864e8562
0b0595e6
29b010ef
17e39c26
84b3ff69
07330324
4781015a
00940533
00f506b3
00068023
9be30785
4581fee7
06934701
17931000
97de00a7
a8034601
07630007
08330008
002300b5
058500c8
07910605
fed615e3
00ea07b3
802397aa
070500b7
fcea99e3
542250b2
59025492
4a6249f2
4b424ad2
4c224bb2
61454c92
07138082
0a130400
491d04b0
bf254aa1
cc527179
c266ca56
d422d606
d04ad226
c85ace4e
c462c65e
02c00793
8ab28cae
0f638a3a
079300f7
15630410
07130af7
09130300
49950370
04934b99
a8092800
07134991
09130200
8bce0500
24000493
86334781
458300f6
06330006
078500f5
00b60023
fef717e3
00e68433
4b018c22
00ab1513
865285e2
0b059566
25f010ef
97e39c26
84b3ff69
45810334
08934701
43051000
009406b3
01268633
00a71793
450197d6
0007a023
07910505
ff151ce3
00064783
02b7f763
50b24505
54925422
49f25902
4ad24a62
4bb24b42
4c924c22
80826145
04000713
04b00913
4ba1499d
6be3bfa9
8533fcf9
882e00b6
00871e13
00064783
00f86863
06050705
02eb8c63
bf6985be
0105f863
fff54e83
00054783
fafef4e3
00054783
05050805
078a97f2
a02397d6
b7e90067
00f68733
00074703
0785f741
ff27eae3
b7414501
cc527179
d606c65e
d226d422
ce4ed04a
c85aca56
0793c462
8a2a02c0
01638bae
079306f6
00630410
492106f6
6a894c1d
8a934481
89b3c00a
9b130354
0b420084
010b5b13
99d24401
008b0633
00a41513
82410642
954e85de
10ef0405
15e31460
0485fe8c
fc9919e3
542250b2
59025492
4a6249f2
4b424ad2
4c224bb2
80826145
8c4a4911
4919b76d
b7554c15
ca261101
c64ec84a
c256c452
cc22ce06
02c00793
8a2e89aa
84b68ab2
88634911
079300f6
491d0410
00f69363
44014915
008a8633
00a41513
86a60642
85d28241
0405954e
16c010ef
fe8914e3
446240f2
494244d2
4a2249b2
61054a92
11018082
c64ec84a
c256c452
cc22ce06
0793ca26
8a2a02c0
89368aae
88634991
079300f6
499d0410
00f69363
06334995
44810336
01061413
06338041
95130094
064200a4
824186ca
955285d6
10ef0485
94e31750
40f2fe99
44d24462
49b24942
4a924a22
80826105
c2261141
c606c04a
0793c422
892a02c0
88634491
079300f5
449d0410
00f59363
44014495
00a41513
0405954a
5bd000ef
fe849ae3
442240b2
49024492
80820141
c84a1101
c452c64e
cc22ce06
0713ca26
892a02c0
8a3289ae
88634791
071300e6
479d0410
00e69363
94934795
440100a7
008a0633
008985b3
00890533
40040413
5b5000ef
fe9416e3
446240f2
494244d2
4a2249b2
80826105
c2261141
c606c04a
0793c422
892a02c0
88634491
079300f5
449d0410
00f59363
44014495
00a41513
0405954a
5d1000ef
fe849ae3
442240b2
49024492
80820141
c2261141
c606c04a
0793c422
892a02c0
88634491
079300f5
449d0410
00f59363
44014495
00a41513
0405954a
595000ef
fe849ae3
442240b2
49024492
80820141
c84a1101
c452c64e
cc22ce06
0713ca26
892a02c0
8a3289ae
88634791
071300e6
479d0410
00e69363
94134795
448100a7
009a0633
00990533
849385ce
00ef4004
97e35470
40f2fe84
44d24462
49b24942
61054a22
01138082
2c23be01
28234081
26234121
24234131
2e234141
2a234011
07934091
892a02c0
8a3289ae
88634411
079300f6
441d0410
00f69363
86524415
854a85ce
4f1000ef
0493042a
06334000
85b3009a
850a0099
4dd000ef
85ca860a
8493854a
00ef4004
92e34670
2083fe84
240341c1
24834181
29034141
29834101
2a0340c1
01134081
80824201
ca261101
c64ec84a
c256c452
cc22ce06
0793c05a
89aa02c0
8ab28a2e
491184b6
00f68863
04100793
93634921
491900f6
44016b09
c00b0b13
036405b3
00a41513
865686a6
0405954e
3f0595d2
fe8916e3
446240f2
494244d2
4a2249b2
4b024a92
80826105
ca261101
c64ec84a
cc22ce06
02c00793
89ae892a
08634491
079300f6
449d0410
00f61363
44014495
00a41513
954a85ce
599000ef
0405e919
fe8498e3
446240f2
494244d2
610549b2
45058082
1101bfc5
c84aca26
c452c64e
ce06c256
0793cc22
89aa02c0
8ab28a2e
491184b6
00f68863
04100793
93634921
491900f6
86334401
1513008a
064200a4
824186a6
954e85d2
00ef0405
14e36030
40f2fe89
44d24462
49b24942
4a924a22
80826105
c2261141
c606c04a
0793c422
892a02c0
88634491
079300f5
44a10410
00f59363
44014499
00a41513
0405954a
2b9000ef
fe849ae3
442240b2
49024492
80820141
c2261141
c606c04a
0793c422
892a02c0
88634491
079300f5
44a10410
00f59363
44014499
00a41513
0405954a
29f000ef
fe849ae3
442240b2
49024492
80820141
c84a1101
c452c64e
cc22ce06
0713ca26
892a02c0
8a3289ae
88634791
071300e6
47a10410
00e69363
94934799
440100a7
008a0633
008985b3
00890533
40040413
271000ef
fe9416e3
446240f2
494244d2
4a2249b2
80826105
c84a1101
c452c64e
cc22ce06
0713ca26
892a02c0
8a3289ae
88634791
071300e6
47a10410
00e69363
94934799
440100a7
008a0633
008985b3
00890533
40040413
23f000ef
fe9416e3
446240f2
494244d2
4a2249b2
80826105
c2261141
c606c04a
0793c422
892a02c0
88634491
079300f5
44a10410
00f59363
44014499
00a41513
0405954a
223000ef
fe849ae3
442240b2
49024492
80820141
c2261141
c606c04a
0793c422
892a02c0
88634491
079300f5
44a10410
00f59363
44014499
00a41513
0405954a
1f5000ef
fe849ae3
442240b2
49024492
80820141
c2261141
c606c04a
0793c422
892a02c0
88634491
079300f5
44a10410
00f59363
44014499
00a41513
0405954a
1b9000ef
fe849ae3
442240b2
49024492
80820141
c84a1101
c452c64e
cc22ce06
0713ca26
892a02c0
8a3289ae
88634791
071300e6
47a10410
00e69363
94134799
448100a7
009a0633
00990533
849385ce
00ef4004
97e316b0
40f2fe84
44d24462
49b24942
61054a22
11018082
c84aca26
ce06c64e
0793cc22
892a02c0
449189ae
00f60863
04100793
136344a1
449900f6
15134401
85ce00a4
00ef954a
e9192a70
98e30405
40f2fe84
44d24462
49b24942
80826105
bfc54505
c84a1101
c452c64e
cc22ce06
0713ca26
892a02c0
8a3289ae
88634791
071300e6
47a10410
00e69363
94934799
440100a7
008a0633
008985b3
00890533
40040413
113000ef
fe9416e3
446240f2
494244d2
4a2249b2
80826105
c84a1101
c452c64e
ce06c256
ca26cc22
02c00713
8a2e89aa
89368ab2
88634791
071300e6
47a10410
00e69363
94934799
440100a7
008a8633
008a05b3
00898533
041386ca
00ef4004
15e30f90
40f2fe94
44d24462
49b24942
4a924a22
80826105
c84a1101
c256c452
ce06c05a
ca26cc22
0713c64e
8a2a02c0
8b328aae
47918936
00e68863
04100713
936347a1
479900e6
00a79493
49814401
008b0633
008a85b3
008a0533
00ef86ca
04130e50
99aa4004
fe9414e3
446240f2
494244d2
4a924a22
854e4b02
610549b2
11018082
c64ec84a
c256c452
cc22ce06
0713ca26
89aa02c0
8ab28a2e
47918936
00e68863
04100713
936347a1
479900e6
00a79493
86334401
05b3008a
8533008a
86ca0089
40040413
0d3000ef
fe9415e3
446240f2
494244d2
4a2249b2
61054a92
11018082
ca26cc22
ce06c256
c64ec84a
0793c452
842a02c0
84b28aae
00f60b63
04100793
03634999
49a100f6
08000a13
4991a021
0c000a13
15934901
852200a9
95d68626
10ef0905
94522620
ff2997e3
446240f2
494244d2
4a2249b2
61054a92
71598082
7281c4e2
07b78c3e
d4a20002
d0cad2a6
ccd2cece
c8dacad6
d686c6de
c0eac2e6
8793de6e
91160707
4380978a
67a18ab6
89aa6699
92078793
86931008
978a9206
8b32892e
8a428bba
52010713
968a8846
061388a2
05930605
11230205
f0ef0001
0793b84f
180402c0
3ef41863
aa234791
0793fcf4
ac2304e0
07b7fcf4
ae230002
67ddfcf4
40078793
fef4a023
05000793
fef4a223
02000793
fef4a423
0c000793
fef4a623
879364c1
66099204
71060613
05334581
70ef00f1
869364a0
47810304
06330098
059300d1
06b30400
c68300f7
05330006
078500f6
0ff6f693
8ed50823
feb795e3
07136741
47810307
9d63970a
67c13d87
03078793
06134701
978a040c
3d571f63
06936ac1
87930407
0633920a
96e200f1
04000593
d0ef1108
8713ae4f
4781030a
06b30104
061300e1
87330200
470300f4
85b30007
078500f6
0ff77713
8ee58823
fec795e3
07136741
47810307
00e106b3
02000613
00fa05b3
0005c583
02078713
08239736
07858eb7
fec796e3
069367c1
10040400
03078793
00d48533
00f10733
08000613
00d507b3
0007c783
00d705b3
f7930685
88230ff7
95e38ef5
6a41fec6
920a0793
00f10633
04000593
0c048513
a4afd0ef
879367c9
86220307
00f10533
f0ef85a6
85a2d6ef
52010513
f4cff0ef
879367a1
05339207
85a200f1
67993e21
92078793
00f10533
362985a2
02010b93
030a0793
0c0b8d13
00f10cb3
87936791
0c33d207
678900f1
12078793
00f10b33
87936791
0a93d207
0a330301
d60300f1
86a2fd2a
079385ea
07c20016
855a83c1
fcfa9923
de6ff0ef
87936789
66091207
00f105b3
c0060613
70ef8562
85a24640
f0ef8552
67a9ec6f
92078793
00f104b3
879367c9
05b30307
86a200f1
85268652
805ff0ef
852685a2
90dff0ef
852685a2
85a23c55
f0ef8526
67b193ff
92078793
00f105b3
862686a2
3ed98526
862285a6
39e5854e
85934781
0693080b
87330400
470300f5
86330007
078500fc
0ff77713
8ee60823
fed795e3
a7034781
a683fd4a
0733feca
ed6302d7
849320e7
54acf80a
54fc48f4
0d93854e
86b31201
67c102f6
92078793
00f10633
04068693
8fefd0ef
85ce8622
00ef856e
856e7920
86a22121
52010613
855285ee
e80ff0ef
855285a2
e38ff0ef
86a2865a
855285d2
d94ff0ef
855285a2
d4cff0ef
4cbc4cec
85528622
f0ef8d9d
1ce3f96f
67b9ec05
92078793
00f104b3
879367a1
06339207
86a200f1
852685ee
85a23c01
f0ef8526
67b19cbf
92078793
00f10b33
86a28626
855a85da
8ddff0ef
855a85a2
ffcff0ef
fe0aa583
fd8aa783
855a8622
3c058d9d
e60515e3
87936799
06339207
86a200f1
852685ee
9c5ff0ef
852685a2
97dff0ef
852685a2
fc4ff0ef
fe0aa583
85268622
9ffff0ef
e20516e3
862686a2
855a85da
829ff0ef
879367a9
06339207
86a200f1
852685da
a78334c5
e3e3fe4a
8722e0a7
865286a6
854e85ce
8ecff0ef
07136785
879302c0
0c639747
678500e4
04100713
21378793
00e41563
87936785
2023ced7
02b700f9
91160002
542650b6
59065496
4a6649f6
4b464ad6
4c264bb6
4d064c96
45015df2
80826165
04100793
02f41e63
aa234799
0793fcf4
ac230c40
07b7fcf4
ae230008
07b7fcf4
87930004
a023f007
0793fef4
a2230370
0793fef4
a4230300
0793fef4
b1290800
aa2347a1
0793fcf4
ac230780
07b7fcf4
ae230008
07b7fcf4
87930004
a023f007
0793fef4
a22304b0
0793fef4
b7e10400
00fb8633
00064603
04078693
882396ba
07858ec6
05b3b909
c58300eb
06b30005
96be00e6
8eb68823
b1390705
00f986b3
0006c683
04078713
08239766
07858ed7
88c2b3d9
0ff00813
04f86d63
2623714d
0e231411
0ea30201
0e1302f1
430103c1
98630e05
47010267
01c10813
02000313
00e80e33
000e0023
1be30705
0713fe67
c03a0570
18780789
2083347d
617114c1
08338082
48030067
03050008
010e00a3
8082b7c1
081388c2
6d630ff0
714d04f8
14112623
02010e23
02f10ea3
03c10e13
0e054301
02679863
08134701
031301c1
0e330200
002300e8
0705000e
fe671be3
04100713
0789c03a
34b11878
14c12083
80826171
00670833
00084803
00a30305
b7c1010e
88c28082
0ff00813
04f86d63
2623714d
0e231411
0ea30201
0e1302f1
430103c1
98630e05
47010267
01c10813
02000313
00e80e33
000e0023
1be30705
0713fe67
c03a02c0
18780789
208332ed
617114c1
08338082
48030067
03050008
010e00a3
8082b7c1
832e88aa
85ba8536
873e869a
883287c2
b7718646
832e88aa
85ba8536
873e869a
883287c2
bf198646
832e88aa
85ba8536
873e869a
883287c2
b5458646
c4221141
c606c226
0493842a
40084005
b41fe0ef
0411c008
fe941be3
442240b2
01414492
11418082
c226c422
842ac606
40050493
e0ef4008
c008b31f
1be30411
40b2fe94
44924422
80820141
06934781
87334000
08b300f5
431800f6
0008a883
00f50833
97460791
00e82023
fed793e3
47818082
40000693
00f58733
00f608b3
a8834318
08330008
079100f5
41170733
00e82023
fed792e3
07138082
411c4005
c11c07b6
1ce30511
8082fee5
b53fc06f
c0dfc06f
cc221101
c84aca26
c452c64e
84aace06
893289ae
0a134401
87334000
07b30089
439c0089
15b34308
053302f5
e0ef02f5
87b3a51f
c3880084
10e30411
40f2ff44
44d24462
49b24942
61054a22
11018082
ca26cc22
c64ec84a
ce06c452
892e84aa
440189b2
40000a13
008987b3
0533438c
e0ef0089
87b38c3f
c3880084
15e30411
40f2ff44
44d24462
49b24942
61054a22
11018082
ca26cc22
c64ec84a
c256c452
84aace06
8a32892e
440189b6
40000a93
008a07b3
0533438c
864e0089
88dfe0ef
008487b3
0411c388
ff5414e3
446240f2
494244d2
4a2249b2
61054a92
11018082
ca26cc22
c64ec84a
c256c452
ce06c05a
8a2e892a
89b68ab2
44814401
40000b13
008a07b3
008a8733
430c4388
e0ef864e
07b38aff
c3880089
94aa0411
ff6412e3
446240f2
49b24942
4a924a22
85264b02
610544d2
11018082
ca26cc22
c64ec84a
c256c452
84aace06
8a3289ae
44018936
40000a93
008987b3
008a0733
430c4388
e0ef864a
87b38c5f
c3880084
13e30411
40f2ff54
44d24462
49b24942
4a924a22
80826105
001007b7
c0078793
02b7c263
40050693
9713411c
d6130017
8f7141f7
d7638f99
051100b7
fea696e3
80824501
80824505
93010113
6c812423
26238732
842a6c11
00504781
02000693
00f58833
00084803
00f60533
00230785
97e30105
0693fed7
10680220
69000593
02e11223
02011323
c0efd402
0637adbf
10780080
6bc10513
167d4681
007fe837
10000893
00174783
00274583
00074303
05c207a2
e7b38fcd
8ff10067
00f86a63
00168593
96a2068a
8663c29c
86ae0115
19e3070d
2083fce5
24036cc1
01136c81
80826d01
24237149
22231681
87321691
26238436
20231611
84aa1721
00304781
04000693
00f58833
00084803
00f60533
00230785
97e30105
0913fed7
05930501
854a1100
04200693
04011523
1423c682
c0ef04e1
0593a41f
0413fd44
b593fa94
34130015
8dc10014
48014781
10000893
4e114321
0e93453d
4f150cd0
02934f89
07331100
47030109
08050007
00f77693
c1a58311
08a68663
03d683b3
00178613
40df86b3
97a6078a
00a3d393
03e383b3
c394969e
06a70463
03160363
03d706b3
00160793
40ef8733
9626060a
86b382a9
973603e6
8463c218
14e30117
2083fa58
240316c1
24831681
29031641
61751601
6b638082
861302d3
078a0017
06b397a6
c39440de
68e387b2
0ae3fce3
0793fd16
060a0016
07339626
bf6d40ee
bf6587b2
1de3863e
bf55f8a7
72e3863e
b775fee3
2c237169
26231141
24231211
22231281
20231291
2e231321
2a231131
28231151
07931161
8a2a02c0
0cf60163
04100793
0cf61263
03000693
0cf00493
850a862e
11000593
c0ef898a
490191df
44014a81
87b34b21
c5030089
16130007
45810034
4ad080ef
69330405
eab300a9
12e300ba
87d2ff64
400a0713
0007a023
1de30791
4605fef7
10000693
87b30405
c7830089
ebe3fff7
078afef4
438c97d2
00249713
c30c9752
00197713
07330706
c39840e6
00195913
01fa9793
e9330485
da930127
93e3001a
2083fcd4
240312c1
24831281
29031241
29831201
2a0311c1
2a831181
2b031141
61551101
06938082
04930200
b7a90d90
04000693
0c400493
0793b781
c781fd46
fa960613
8313ee59
46894005
459c45d8
01c5a883
40e68733
0ff77813
87b34998
f79340f6
87330ff7
761340e6
49d80ff7
00679e13
87338389
7f1340e6
4d980ff7
411688b3
0ff8f893
40e68733
0ff77e93
050d41d8
40e68733
6733070e
ae0301c7
85930005
8e330205
673341c6
0ea301c7
1713fee5
8fd90018
00461713
17138fd9
8fd9007f
fef50f23
002e9713
001f5793
97138fd9
8fd90058
fef50fa3
f6b318e3
47018082
08134611
41dc0800
08b34194
07b300e5
079240f6
40d606b3
80238fd5
070500f8
12e305a1
8082ff07
fd460793
40050313
0613c789
4691fa96
4689ee4d
0005ce83
fe93058d
2023007e
ce0301d5
8eb3ffd5
5e1341d6
7e13003e
2223007e
c70301c5
c783ffd5
8e33ffe5
831941c6
8f5d078a
c5188b1d
ffe5c883
40e68733
0018d893
0078f893
01152623
ffe5c803
411688b3
00485813
00787813
01052823
ffe5c783
fff5c603
41068833
0606839d
8b9d8fd1
c603c95c
87b3fff5
820940f6
cd108a1d
fff5cf03
40c68633
5f13c95c
87b3005f
202341e6
222301d5
c51801c5
01152623
01052823
cd5ccd10
02050513
f46518e3
c7838082
05850005
c11c8bbd
fff5c703
40f687b3
8311c11c
40e687b3
0521c15c
fe6511e3
86938082
419c4005
0da30515
419cfef5
87a141d8
8fd9070a
fef50e23
459841dc
07128799
0ea38fd9
459cfef5
879145d8
8fd9071a
fef50f23
05c145dc
0fa38789
92e3fef5
8082fcd5
14058693
0015c783
0005c703
07a20595
f7938fd9
c11c3ff7
ffc5c783
ffd5c703
071a8389
f7938fd9
c15c3ff7
ffd5c783
ffe5c703
07128391
f7938fd9
c51c3ff7
ffe5c783
fff5c703
070a8399
c55c8fd9
99e30541
8082fab6
1a050e93
a8836e05
41d00005
0085a803
411e08b3
40ce0633
499845d4
0145a303
af034d9c
1f9301c5
00230056
d8930115
e8b30088
083301f8
00a3410e
58930115
01230036
822d0115
00281893
40de06b3
01166633
00c501a3
00685813
00769613
40ee0733
00c86833
0016d613
00c502a3
161382a5
8ed10047
406e0333
00d50323
00475693
00d503a3
16938331
07b30013
8f5540fe
00e50423
00735313
00679713
41ee0f33
00e36333
0027d713
00e50523
171383a9
8fd9003f
005f5f13
01050223
006504a3
00f505a3
01e50623
85930535
9ae30205
8082f2ae
08936689
16fd4005
c7836605
05b50005
c303c11c
0322ff45
00f36333
00d37333
00652023
ff45c703
40660333
c1588315
ff55c783
8fd9078e
ce83c15c
0eaeff65
00feeeb3
00defeb3
01d52223
ff65c783
41d60eb3
c51c8389
ff75ce03
6e330e1a
7e3300fe
242300de
c70301c5
0e33ff75
831d41c6
c783c558
0786ff85
c55c8fd9
ff95cf03
6f330f26
7f3300ff
262300df
c70301e5
0f33ff95
831141e6
c783c918
0792ffa5
c91c8fd9
ffb5c703
8fd90732
00d7ffb3
01f52823
ffb5c783
41f60fb3
c95c8385
ffc5c703
8f5d071e
c9588f75
ffc5c783
40e60733
cd1c8399
ffd5c803
6833080a
2c2300f8
c7830105
07aaffe5
0107e7b3
cd1c8ff5
ffe5c283
40f607b3
0032d293
00552e23
fff5c803
2023cd1c
08160065
00586833
410607b3
01d52223
01c52423
01e52623
01f52823
cd5cc958
02050513
ed151be3
07938082
1f6302c0
089306f6
08372405
41940002
459c41d8
40d806b3
40e80733
0086d313
002345d0
00a300d5
82c10065
00271313
0066e6b3
40f807b3
00d50123
00675693
00d501a3
96938339
8f550047
40c80633
00e50223
0047d713
00e502a3
171383b1
8fd90066
00f50323
00265793
03a38229
042300f5
052500c5
9ae305c1
8082f8a8
28050613
000806b7
41d8419c
87b30515
873340f6
d81340e6
0da30087
0e23fef5
83c1ff05
00471813
0107e7b3
fef50ea3
00475793
0f238331
0fa3fef5
05a1fee5
fca614e3
07938082
081302c0
17634005
03370af6
137d0004
00020e37
0005c703
c11805a5
ff85c783
8fd907a2
c683c11c
06c2ff95
f6b38edd
c1140066
ff95c703
40de06b3
c1588309
ffa5c783
8fd9079a
c703c15c
073affb5
77338f5d
c1580067
ffb5c783
40ee0733
c51c8391
ffc5c603
8e5d0612
c783c510
07b2ffd5
f7b38fd1
c51c0067
ffd5c603
40fe07b3
c5508219
ffe5c883
e8b3088a
262300c8
c6030115
c51cfff5
062ac114
01166633
40ce07b3
c55cc158
13e30541
8082f705
00100637
08b7167d
c7830008
05950005
c703c11c
0722ffc5
c1188f5d
ffd5c783
8fd907c2
c11c8ff1
ffd5c703
40f887b3
c1588311
ffe5c683
8ed90692
c703c154
c11cfff5
8f550732
40e88733
0521c158
fb051de3
01138082
2c23d001
2a232e81
87322e91
2e2384b6
842a2e11
860a4781
04000693
00f58833
00084803
00f60533
00230785
97e30105
00a8fed7
04200693
2a800593
04e11023
04011123
c0efc282
86269d8f
852200ac
2083354d
24032fc1
24832f81
01132f41
80823001
02c00793
04f61863
40058693
0005c783
0ea3050d
41d8fef5
8fd9071a
fef50ea3
878941dc
0ff7f793
fef50f23
07124598
0f238fd9
459cfef5
f7938791
0fa30ff7
45d8fef5
070a05c1
0fa38fd9
9fe3fef5
8082fad5
06934701
41dc0800
0005a803
00e50633
e7b30792
00230107
070500f6
14e305a1
8082fed7
72a17179
cc52d422
d606ca56
d04ad226
c85ace4e
8293c65e
07937002
911602c0
8a328aae
8a638436
079316f6
99630410
471916f6
47814495
06930830
08330200
480300f5
05b30008
078500f6
01058023
fed797e3
08010913
02200693
08000593
0c23854a
0ca302e1
1d230291
de020201
8d2fc0ef
879367a9
8bb39007
86220027
855e85ca
bf4fe0ef
86a2110c
02084601
e0efc62e
6791c72f
90078793
8b3345b2
86a20027
855a8626
fc6fe0ef
87936489
6609d004
c0060613
8533020c
60ef0027
87933380
89b3d004
85a20027
e0ef854e
6799d92f
90078793
002784b3
864e86a2
852685de
ed8fe0ef
852685a2
fe0fe0ef
852685a2
989fe0ef
865a86a2
852685a6
84dfe0ef
852685a2
805fe0ef
879367a1
85b39007
86a20027
85268626
a45fe0ef
862686a2
855685ca
e19fd0ef
02c00793
52000693
00f40b63
07936685
86930410
1463a206
069300f4
00847a00
85268656
04000593
feffb0ef
67216791
8793010c
07139007
88339007
88a20027
970a021c
85528626
06058693
e9dfd0ef
829362e1
91169002
542250b2
59025492
4a6249f2
4b424ad2
61454bb2
47118082
bd6184ba
449d4721
87b2bd49
02c00693
85be862e
87b2bd81
04100693
85be862e
87b2b591
05700693
85be862e
07b7bd25
577d0100
c3981141
c3c8c7cc
cf904605
0b47a583
a583c78c
c7cc0b87
a583cf90
c78c0bc7
0c07a583
cf90c7cc
0c47a703
07b7c798
c6021000
473217f9
00e7f563
3080806f
4732a001
c63a0705
67b9b7fd
5b07a703
010007b7
0ee7a023
67b98082
5b07a783
01000737
1007e793
0ef72023
11418082
3fe1c606
010007b7
06000737
0ee7a223
674140b2
0ce7ae23
bfc10141
cc221101
c84aca26
01000437
010004b7
c4526941
c64ece06
0e440413
05000a37
0dc48493
3f610905
01442023
0124a023
00042983
97933f69
c6e30079
40f2fe07
44d24462
49b24942
61054a22
11418082
c422c606
3771842a
1793379d
073700c4
83b12000
07378fd9
22230100
87ba0ef7
00040737
0ce7ae23
44223f99
014140b2
1101b741
c64ec84a
0ff57793
10000913
00851993
c452ca26
0089d993
02000737
cc22ce06
0933c256
8a2e40f9
e9b384b2
686300e9
373504c9
07373719
07130100
06b70e47
07b70100
20230004
86930137
c29c0dc6
478165c1
00f49c63
44623dcd
44d240f2
49b24942
4a924a22
bf096105
00fa0633
00064603
06620785
c28cc310
0ab7bfe1
04930100
8a93f006
94be0e4a
3dc1842a
a023356d
09b7013a
07b70100
89930004
a0230dc9
66c100f9
07334781
470300fa
07850007
a0230762
a02300ea
16e300d9
3561fef9
c8a13d65
3d853d59
010007b7
f0078793
8c7d944a
020007b7
a0238c5d
07b7008a
06b70004
07370100
a0230100
869300f9
47810e46
0dc70713
063365c1
965200f9
00064603
06620785
c30cc290
fef497e3
40f2b791
44d24462
49b24942
4a924a22
80826105
fff60793
0ff00713
00f76363
8082b5e9
cc221101
fff50413
943277fd
c84aca26
c452c64e
ce06c256
8a2e89aa
74b38932
8c7d00f5
7e636a85
44810094
0124ef63
446240f2
494244d2
4a2249b2
61054a92
85268082
94d635b9
8533bff9
04130099
74131005
07b3f004
8c094099
0087f363
05b3843e
8622009a
94a23761
7139b7c1
0713dc22
1413fff5
77fd0026
da26943a
d64ed84a
d256d452
d05ade06
cc62ce5e
c86aca66
892ac66e
84b28a2e
00f579b3
6a858c7d
05347163
01000ab7
010009b7
0b934d81
1afd0400
02000c37
0e498993
00040b37
029de563
546250f2
594254d2
5a2259b2
5b025a92
4c624bf2
4d424cd2
61214db2
854e8082
99d6336d
9c93bf65
0d33002d
54130199
7413002d
87b303f4
843341b4
f363408b
843e0087
7d333b29
39c5015d
018d6d33
01000737
01a9a023
0dc70713
01672023
019a07b3
43904681
07910685
00c9a023
01672023
fed419e3
9da239c9
bfbd3301
010007b7
0e87a783
03200713
f79383a9
87933ff7
d7b30317
673902e7
282317fd
b1655af7
c4221141
842ac606
07b73179
87930100
07370e47
c3989f00
010006b7
07116741
0dc68693
4398c298
c0184591
00440713
c28c0451
c3104390
1ce30711
4422fe87
014140b2
1141b18d
842ac422
c04ac226
892ec606
043284b2
07b7393d
80310b00
010006b7
86938c5d
07b70e46
c2800100
0dc78793
00040737
6705c398
80070713
4585c398
18634701
44220097
449240b2
01414902
c38cb909
05334290
070500e9
00238261
b7c500c5
c4221141
c226842a
c606c04a
84b2892e
3ef10432
0b0007b7
06b78031
8c5d0100
0e468693
010007b7
8793c280
07370dc7
c3980004
07136705
c3988007
47014591
00971863
40b24422
49024492
be450141
4288c38c
00271613
c208964a
b7cd0705
c211c199
8082b361
c211c199
8082b3fd
712972fd
12112e23
12812c23
12912a23
13212823
1a009116
45816605
50ef8522
061358b0
45811260
ed840513
57d050ef
c78367b9
65b957c7
03000613
ecf40c23
c78367b9
859353c7
051357d5
0ca300e1
67b9ecf4
4fc7c783
69054481
ecf40d23
c78367b9
0da34bc7
67b9ecf4
47c7c783
ecf40e23
c78367b9
0ea343c7
50efecf4
65b94dd0
03000613
53d58593
03e10513
4cb050ef
061365b9
85930300
05134fd5
50ef06e1
65b94b90
03000613
4bd58593
09e10513
4a7050ef
061365b9
85930300
051347d5
50ef0ce1
65b94950
03000613
43d58593
0fe10513
483050ef
50ef8526
07b36d00
c3880094
99e30491
85a2ff24
40000613
39d54501
8526002c
12600613
628539b5
20839116
240313c1
24831381
29031341
61311301
71298082
2e2372fd
2c231211
2a231281
28231291
91161321
66051a04
85264581
471050ef
12600613
00284581
465050ef
40000613
450185a6
06133581
002c1260
3bd16505
69054401
8522408c
50ef0411
a02363a0
04910004
ff2418e3
87936785
978a1307
40878533
ed854703
059367b9
8e2300e1
470356e7
67b9ed95
03000613
52e78e23
eda54703
002067b9
4ee78e23
edb54703
8e2367b9
47034ae7
67b9edc5
46e78e23
edd54703
67b96539
57d50513
42e78e23
38f050ef
05936539
061303e1
05130300
50ef53d5
653937d0
06e10593
03000613
4fd50513
36b050ef
05936539
061309e1
05130300
50ef4bd5
65393590
0ce10593
03000613
47d50513
347050ef
05936539
06130fe1
05130300
50ef43d5
62853350
20839116
240313c1
24831381
29031341
61311301
714d8082
14112623
14812423
14912223
15212023
13312e23
13412c23
13512a23
13612823
13712623
13812423
13912223
13a12023
11b12e23
010006b7
72f9470d
47959116
c29cceb8
05f00713
8713c2d8
431c05c6
c7938391
f793fff7
dbf507f7
010007b7
0007a223
073757fc
07b70100
5be00100
2a03463d
67890707
4711cf30
c298943e
00f46863
014407b3
02000737
00f77763
06000593
f0ef4501
1663855f
07b7040a
ac230100
a0230407
62890007
20839116
240314c1
24831481
29031441
29831401
2a0313c1
2a831381
2b031341
2b831301
2c0312c1
2c831281
2d031241
2d831201
617111c1
74fd8082
01440b33
00947933
fffb0a93
009af9b3
0a0c6605
36f5854a
01390963
07936605
85b31106
854e0027
84ca3ee9
f7636b85
0cb30a99
18634124
64850b24
00998bb3
0d7b6863
007a0493
0084d793
10000613
08084581
50efc63e
08372270
808d0100
852288fd
0c134c81
0d130048
09930610
4b8505c8
946347b2
97130efc
0793008c
06b70620
05330100
202300e4
869300fc
429c05c6
c7938391
f793fff7
eae307f7
07b7fe97
08370100
06b70100
05b70100
a2230100
46010007
0813081c
430506c8
07468693
07058593
14961163
07b3060e
ed6300a6
080c18fa
bdf132a5
f0ef8526
94de805f
4481b7a9
10000d13
11010c13
409c8bb3
017d7463
10000b93
009c05b3
00990533
94de865e
e3e33a25
b735ff94
416b8bb3
03391a63
412b0933
94ca0a04
0c134901
89b31000
7463412b
0993013c
85b31000
05330124
864e012b
f0ef994e
62e3903f
bdfdff79
87936789
08181007
84b397ba
09b34097
94ce413b
2023b7d1
a78301ac
83910009
fff7c793
0607f793
0337dbed
20230100
081c000c
11010e13
06c30893
07430613
07030693
0178a023
07a1420c
8c2381e1
420cfeb7
8ca381c1
420cfeb7
8d2381a1
420cfeb7
feb78da3
81e1428c
feb78e23
81c1428c
feb78ea3
81a1428c
feb78f23
8fa3428c
9fe3feb7
4795fbc7
00f32023
010007b7
0177ac23
20234791
0d9300f3
ea631005
061301ba
080c1000
f22ff0ef
856e0c85
0633bda5
080c40ab
83dff0ef
2023bfc5
a8830068
06050006
d89307a1
8c230188
a883ff17
d8930006
8ca30108
a883ff17
d8930006
8d230088
a883ff17
8da30006
a883ff17
d8930005
8e230188
a883ff17
d8930005
8ea30108
a883ff17
d8930005
8f230088
a883ff17
8fa30005
bdb9ff17
40ea0633
0113b59d
06b7be01
2e230100
2c234011
2a234081
28234091
26234121
24234131
22234141
20234151
2e234161
2c233f71
470d3f81
4791ceb8
06300713
c2d8c29c
05c68713
8391431c
fff7c793
07f7f793
07b7dbf5
a2230100
57fc0007
01000737
010007b7
463d5be4
67895b20
4711cf30
c29894be
00f4e863
008487b3
02000737
00f77763
06400593
f0ef4501
ec15d08f
010007b7
0407ac23
41c12083
41812403
0007a023
41412483
41012903
40c12983
40812a03
40412a83
40012b03
3fc12b83
3f812c03
42010113
041d8082
07e00793
0bb7800d
06130100
45813f00
5b33850a
89a602f4
8a134901
8a9307cb
4c05080b
02f47433
718050ef
05691563
0793c811
16133f00
858a0014
02f90533
30dd9526
010006b7
01000637
010005b7
4701878a
07c68693
08060613
07858593
14634505
07b70687
46990100
d398c394
0407ac23
854ebfa1
0fc00613
f0ef858a
07378abf
89930100
878a3f09
07870713
202343d4
439400da
a02307a1
202300da
1f940187
fed796e3
a0234799
071300fb
07b707e0
d3980100
a0234795
07b700fb
ac230100
09050187
a803b795
07050047
0106a023
0007a803
202307a1
c1880106
1141b749
00a11723
00e15783
c7818b85
f06f0141
57838a7f
8b8900e1
0141c399
5783ba4d
8b9100e1
0141c399
5783b4f9
8ba100e1
0141c399
0141bd39
71758082
00a11723
c706c522
c14ac326
dcd2dece
d8dadad6
47bdd6de
01000437
4711cc3c
010007b7
4695c398
d798df94
df984705
00e15783
f79383a5
0fa303f7
578300f1
07c200e1
dc6387c1
45830407
100401f1
86266539
4f050513
1fc050ef
0637478d
05b70100
06b70100
04130100
c01c0584
06860613
85934799
86930645
55790606
00279713
43189726
8713c218
070a0017
43189726
c19817f9
93e34298
0737fea7
47850100
07b7db1c
46910100
0613c7f4
06b70250
07130100
87930307
c2d004c7
43944310
fed61ee3
010007b7
01000737
0007a223
df1446a1
02600713
0737c3d8
07910100
04870713
defd4314
0007a023
01f14703
00e15783
0ff77713
87c107c2
0807d163
879367b9
c4034f07
d7830097
04b700a7
04330100
849302e4
0ab70344
0a370100
49b90100
044a8a93
02010b13
040a0a13
943e4b99
c09c4785
03840413
000aa703
00299793
c39897da
000a2703
00198913
995a090a
00e92023
8522438c
40ef19f9
25836b70
05130009
14610044
6a9040ef
0785409c
93e3c09c
4785fd79
07b7c09c
473d0100
8713cfb8
47850347
07b7c31c
46950100
0613cbb4
06b70270
87930100
c2d00507
4390430c
fec59ee3
010007b7
0007a223
c29c4799
07b74711
d3980100
442a40ba
0407ac23
0006a023
490a449a
5a6659f6
5b465ad6
61495bb6
71758082
00a11723
d03e47a1
07b7c706
c5220100
c14ac326
dcd2dece
4615dad6
5582df90
d78c4565
c390db88
cfd04605
d22e4b8c
d7945692
5783df90
83a500e1
03f7f793
00f10ea3
00e15783
87c107c2
0807d963
01d14583
65391800
05138622
50ef4f05
07b70120
470d0100
010005b7
01000637
010006b7
8593cfb8
47990685
06460613
06068693
97135579
97220027
c1984318
00178713
9722070a
17f94318
4298c218
fea793e3
010005b7
01000637
010006b7
859347b9
06130685
86930646
45190606
00279713
43189722
8713c198
070a0017
43189722
c21817f9
93e34298
07b7fea7
473d0100
4711cfb8
8713c398
47850307
07b7c31c
46e10100
0613c7f4
06b70280
87930100
c2d004c7
43944310
fed61ee3
01000737
00072223
0007a023
07b746a1
df940100
02900793
07b7c35c
07110100
04078793
defd4394
00072023
d43a4705
4398d602
010004b7
01000937
0f238b05
439c00e1
01000437
03048493
8b858385
00f10fa3
091349a5
4a6104c9
0a930411
478302b0
cfb901e1
010007b7
df984721
03478713
c31c4785
010007b7
cbb446a5
02d00613
010006b7
05078793
430cc2d0
9ee34390
07b7fec5
a2230100
47990007
4721c29c
010007b7
40bad398
ac23442a
a0230407
449a0006
59f6490a
5ad65a66
80826149
01f14783
0593c791
450102a0
fe3fe0ef
0134a023
01492023
01542023
01000737
27834094
9de30009
2023fef6
07b70004
46a10100
2023df94
57b20009
d63e07c1
079356b2
ff6306f0
479500d7
07b7c31c
ac230100
46050407
46bdcf90
4791cfb4
d602c31c
07b75722
87930100
8b050287
5702c721
00276713
4789c398
a023d43e
07b70004
47110100
ac23df98
07930207
c01c02c0
010007b7
04078793
df7d4398
00042023
8b054398
00e10f23
8385439c
0fa38b85
b5e500f1
67135702
c3980017
bf6d4785
17237175
47b100a1
c706d03e
010007b7
c326c522
decec14a
dad6dcd2
4615d8da
5582df90
d78c4565
c390db88
cfd04605
d22e4b8c
d7945692
5783df90
83a500e1
03f7f793
00f10ea3
00e15783
87c107c2
0407dc63
01d14583
65391800
05138622
40ef4f05
07b75770
470d0100
01000637
010005b7
010006b7
0613cfb8
47b90686
06458593
06068693
97134519
97220027
c2184318
00178713
9722070a
17f94318
4298c198
fea793e3
01000637
ce38473d
c21c4791
03060713
c31c4795
059346e1
c67402e0
04c60793
430cc24c
9ee34394
06b7fed5
a2230100
a0230006
45950007
4669c20c
0713c310
c3980210
02f00793
0737c2dc
07b70100
07130100
87930307
431004c7
1ee34394
0737fed6
07b70100
22230100
46910007
46a1c394
0793df94
c35c0300
010007b7
87930711
43940407
2023defd
43050007
d602d41a
0eb74398
06b70100
77330100
0f230067
439c00e1
01000737
838542e1
0067f7b3
00f10fa3
010007b7
03070713
86934fa5
079104c6
03100393
038e8613
04934421
491506f0
058e8813
005e8e33
4f1149bd
028e8893
0a934a09
85930320
4503040e
c91501e1
01000737
04072c23
01e14783
442a40ba
0ff7f793
4799c71c
4685c31c
2023cf14
449a0007
59f6490a
5ad65a66
61495b46
45038082
f56901f1
01f72023
0056a023
0077a023
00072b03
1de34288
a023feab
c2000007
0006a023
05415532
5532d62a
00a4fd63
012ea023
00082023
006e2023
01382023
01eea023
5522d602
cd0d8905
65135502
a0230025
d45200a8
00072023
01e62023
00062023
0157a023
dd7d4188
0007a023
89054188
00a10f23
81054188
0fa38905
b79100a1
65135502
a0230015
d41a00a8
1141b7e1
00a11723
010007b7
df98470d
df984705
010007b7
04000713
5783dfd8
8b8500e1
5503c789
014100e1
5783b8cd
8b8900e1
5503c789
014100e1
5783b4d9
8b9100e1
5503c789
014100e1
0141bb81
17138082
57930185
66c10185
86938fd9
5713f006
8f750085
05228fd9
00ff0737
8d5d8d79
419c8082
41dcc11c
459cc15c
45dcc51c
8082c55c
c11c419c
c15c41dc
c51c459c
c55c45dc
c91c499c
c95c49dc
419c8082
41dcc11c
459cc15c
45dcc51c
499cc55c
49dcc91c
4d9cc95c
4ddccd1c
8082cd5c
c4221141
c606c226
84ae842a
05133fc9
44220204
859340b2
44920204
b7c10141
040007b7
1e07a623
8793470d
852e1e07
4398c398
05b7ff7d
bfa50400
c4221141
0593842e
05370045
c6060400
07b73fa5
47050400
1ee7a623
1e078793
c3984709
ff7d4398
44228522
05b740b2
01410400
1141bf91
842ec422
00450593
04000537
3fb1c606
040007b7
a6234705
87931ee7
47091e07
4398c398
8522ff7d
40b24422
040005b7
bf250141
cc527179
04000537
85b28a2e
d226d422
d606d04a
05668913
ca56ce4e
c65ec85a
c266c462
84b2c06a
35c58436
040007b7
1e07a623
87934709
090e1e07
4398c398
07b7ff7d
06370400
0737fc00
87930400
06131447
0713ecc6
86b31607
96a600c7
c3944294
9ae30791
07b7fee7
87930400
47051e07
02c48a93
fd640413
a983c398
9ee30007
0c37fe09
0b370400
5c930400
4b810064
11cc0c13
1e0b0b13
9f634d05
7713099b
94bafc04
04000737
03f47793
02070713
00e986b3
94630485
07130b37
8023f800
078500e6
03800713
02f77263
04000737
03f00693
02070713
08f6f963
04000737
1e070713
c31c4785
fffd431c
040006b7
04000713
106306fd
06b70809
86930400
e4630206
07b708e7
87930400
47051e07
4398c398
5422ff7d
549250b2
49f25902
4b424ad2
4c224bb2
4d024c92
4a628552
040005b7
bbc16145
ffcaa783
04000537
202385d6
051300fc
35291205
040a8a93
01ab2023
000b2783
0b85fff5
c603bf3d
09850294
00c68023
8633b7a1
002300e7
07850006
0633b795
759300d7
00230ff9
591300b6
177d0089
8633b7bd
002300d7
07850006
1141b7bd
0537c422
842e0400
c60685b2
07b7338d
47050400
1ee7a623
1e078793
c3984709
ff7d4398
44228522
05b740b2
01410400
1141bb3d
0537c422
842e0400
c60685b2
07b73381
47050400
1ee7a623
1e078793
c3984709
ff7d4398
44228522
05b740b2
01410400
1141bb31
0537c422
842e0400
c60685b2
07b7331d
47050400
1ee7a623
1e078793
c3984709
ff7d4398
44228522
05b740b2
01410400
1141b309
0537c226
84ae0400
c42285b2
c606c04a
31c18936
040007b7
1e07a623
1e078413
c01c4789
fffd401c
04000537
051385ca
31451445
040007b7
f8000713
04e78b23
fb000713
04e78fa3
c01c4785
040007b7
1e078793
ff7d4398
40b24422
85264902
05b74492
01410400
411cb1ad
2a23712d
43c41091
10812c23
26231020
20231131
89ae1161
05938b32
86260245
28238522
24231121
22231141
8a361151
10112e23
8abadfde
2ab040ef
06b38922
87a20094
0ad79563
04000b93
409b8633
03600593
00940533
2d9040ef
00ef10a8
865e3b10
10a885a2
3f3000ef
85da8626
00ef10a8
86563e90
10a885d2
3df000ef
02000613
10a8002c
50f000ef
478310b8
09050009
06a7c793
fef90fa3
fee919e3
00ef10a8
85a236d0
061310a8
00ef0400
002c3ad0
061310a8
00ef0200
86263a10
10a885ce
4d3000ef
11c12083
11812403
11412483
11012903
10c12983
10812a03
10412a83
10012b03
61155bfe
c7038082
07850007
03674713
fee78fa3
411cb7a1
dda27111
dba643c0
84b2d7ce
00410993
d9ca8622
892ad5d2
854e8a2e
df8685a6
d1dad3d6
8b3a8ab6
40efcfde
0b931b90
86220449
853385de
40ef0089
00a81a90
2cf000ef
85a68622
00ef00a8
86223110
00a885de
307000ef
05938622
00a80649
2fb000ef
85d6865a
00ef00a8
04062f10
008985b3
02000613
0b1300a8
04130244
00ef0204
944e4150
4bfd4481
00092783
ed63539c
50fe00f4
54de546e
59be594e
5a9e5a2e
4bfe5b0e
80826111
01d4d793
00f40023
0154d793
00f400a3
00d4d793
00f40123
0054d793
00f401a3
00ef00a8
865a2410
00a885ce
283000ef
00092783
009a0ab3
02000613
8f85539c
00fbf963
00a885d6
3a3000ef
02048493
85cebf41
00ef00a8
27833950
85ce0009
53908556
40ef8e05
b7cd0d10
cd227135
c74ecb26
cf06c356
c552c94a
42c0c114
0a9384aa
09930045
06630445
89320c06
862285ca
40ef8556
99220a10
862285ca
02448513
093040ef
86229922
854e85ca
087040ef
05b38622
85130089
40ef0644
06130790
45810680
40ef0828
89130bb0
854a0a84
18f000ef
85ce8622
00ef854a
06131d10
8e010400
854a082c
1c3000ef
f36347c1
85130287
c62a1304
3b5010ef
86224532
10ef85ce
45323f70
08000613
082c8e01
3e9010ef
040007b7
1e87a423
06078513
1e07a623
3a7585ca
04000537
051385d6
3a450a05
446a40fa
040007b7
08078793
08f4a223
44da494a
4a2a49ba
610d4a9a
8a2e8082
8622d5ad
40ef854e
86227d80
008a05b3
411cbf89
2a237101
43c41e91
1e812c23
262300a0
20231f31
89ae1f61
05938b32
86260245
28238522
24231f21
22231f41
8a361f51
1e112e23
1d712e23
40ef8aba
89227900
009406b3
976387a2
0b930ad7
86330800
0593409b
05330360
40ef0094
01a87be0
2e5010ef
85a2865e
10ef01a8
86263270
01a885da
31d010ef
85d28656
10ef01a8
06133130
002c0400
10ef01a8
01b84430
00094783
c7930905
0fa306a7
19e3fef9
01a8fee9
2a1010ef
01a885a2
08000613
2e1010ef
01a8002c
04000613
2d5010ef
85ce8626
10ef01a8
20834070
24031fc1
24831f81
29031f41
29831f01
2a031ec1
2a831e81
2b031e41
2b831e01
01131dc1
80822001
0007c703
47130785
8fa30367
b791fee7
7121411c
1a812c23
2a2343c0
26231a91
84b21b31
00410993
28238622
24231b21
892a1b41
854e8a2e
2e2385a6
22231a11
20231b51
8ab61b61
2e238b3a
40ef1971
0b936880
86220449
853385de
40ef0089
01286780
1ed010ef
85a68622
10ef0128
862222f0
012885de
225010ef
05938622
01280649
219010ef
85d6865a
10ef0128
040620f0
008985b3
04000613
0b130128
04130444
10ef0404
944e3330
0b934481
278303f0
539c0009
02f4e663
1bc12083
1b812403
1b412483
1b012903
1ac12983
1a812a03
1a412a83
1a012b03
19c12b83
80826139
01e4d793
00f40023
0164d793
00f400a3
00e4d793
00f40123
0064d793
00f401a3
10ef0128
865a14b0
012885ce
18d010ef
00092783
009a0ab3
04000613
8f85539c
00fbf963
012885d6
2ad010ef
04048493
85cebfbd
10ef0128
278329f0
85ce0009
53908556
40ef8e05
b7cd58c0
c11c419c
c15c41dc
c51c459c
c55c45dc
0d6347c1
499c00f6
49dcc91c
47e1c95c
00f60663
cd1c4d9c
cd5c4ddc
11018082
ce06ca26
c84acc22
84aec64e
eb1185b2
40f24462
49b24942
44d28526
f06f6105
89aaebcf
04000537
8436893a
eaeff0ef
0849a783
0ff47413
8fa34709
07b70087
a6230400
87931f27
c3981e07
ff7d4398
040005b7
1101bf75
ce06ca26
c84acc22
84aec64e
eb1185b2
40f24462
49b24942
44d28526
f06f6105
89aae76f
04000537
8436893a
e68ff0ef
0849a783
0ff47413
8fa34709
07b70087
a6230400
87931f27
c3981e07
ff7d4398
040005b7
1101bf75
ce06ca26
c84acc22
84aec64e
eb1185b2
40f24462
49b24942
44d28526
f06f6105
89aae38f
04000537
8436893a
e2aff0ef
0849a783
0ff47413
8fa34709
07b70087
a6230400
87931f27
c3981e07
ff7d4398
040005b7
2783bf75
05b70845
46c10800
0037c703
080007b7
04e78023
270347a1
973e0845
00074603
00f58733
0ca30785
96e302c7
47cdfed7
080005b7
02000693
08452703
4603973e
87330007
078500f5
02c70b23
fed796e3
411c8082
c84a1101
892ac64e
059389ae
05371305
ce060800
ca26cc22
43c4c452
c05ac256
8b328ab6
da8ff0ef
3741854a
08000537
d41385da
86260024
15450513
0b133d25
09370054
09130800
15131409
8626002b
954a85d6
945a3505
00140793
0713040a
944a0800
04b48a13
0737c018
0a120800
07134675
7d6313c7
855202f6
cdeff0ef
080007b7
0aa7ae23
87934705
c3981e07
ff7d4398
40f24462
4a224942
4b024a92
854e8626
49b244d2
080005b7
b3d96105
96930785
96ba0027
0006a023
411cbf6d
da56715d
8aaac62e
13050593
08000537
c4a2c686
8436c0ca
09668913
dc52de4e
0047a983
d65e8a32
d85ac2a6
d266d462
ce6ed06a
cd8ff0ef
3d458556
08000537
051385d2
f0ef1545
0537ca4f
05930800
0513020a
f0ef1745
0537c94f
05930800
0513040a
f0ef1945
2703c84f
07b7060a
87930800
aa231e07
2703fce7
090e064a
06ca0b93
fce7ac23
068a2703
f9640413
fce7ae23
c3984705
0007ac83
fe0c9ee3
08000d37
08000c37
00745d93
8b5e4a81
13cd0d13
1e0c0c13
27834485
9b63ffcb
77130dba
8c19f804
06a70593
08000737
12f72e23
57130a9e
05370024
9bd60800
fff70793
05134681
ef631405
078a0cf6
00278613
00b606b3
06378c11
070a0800
03e60613
05b39732
19630197
07130d94
078df800
00e58023
071397a2
78630700
07370cf7
06930800
071307f0
fd630407
07370cf6
07130800
47851e07
431cc31c
8389fffd
08000737
061307c1
177102e0
0cf67263
f0ef854a
07b7b44f
ae230800
47050aa7
1e078793
4398c398
4426ff7d
40b64532
49064496
5ad25a62
5bb25b42
5c925c22
4df25d02
59f2864e
080005b7
b10d6161
08000537
202385da
051300fd
f0ef1405
0537b6af
05930800
0513040b
f0ef1805
0b13b5af
2023080b
2783009c
fff5000c
bdd50a85
00269613
00a60833
4210965e
20230685
bf0100c8
01968633
46039652
0c850006
00c58023
0737bf29
07130800
f6930407
d6a10037
00e786b3
00068023
bfc50785
00e78633
00060023
bf310785
96930785
96ba0027
0006a023
1141bf05
842ac422
c606852e
a6eff0ef
c80840b2
01414422
11418082
2903c04a
c4220845
854a842e
c2264599
84b2c606
07b73fc9
2c230400
a6230009
470d1e97
1e078793
4398c398
8522ff7d
40b24422
49024492
040005b7
f06f0141
1141a70f
2903c04a
c4220845
854a842e
c2264595
84b2c606
07b73779
2e230400
a6230009
470d1e97
1e078793
4398c398
8522ff7d
40b24422
49024492
040005b7
f06f0141
1141a2cf
2903c04a
c4220845
854a842e
c2264595
84b2c606
07b737a9
2e230400
a6230009
470d1e97
1e078793
4398c398
8522ff7d
40b24422
49024492
040005b7
f06f0141
11419bcf
2903c04a
c4220845
854a842e
c2264595
84b2c606
07b73719
2e230400
a6230009
470d1e97
1e078793
4398c398
8522ff7d
40b24422
49024492
040005b7
f06f0141
114198af
2903c04a
c4220845
854a842e
c2264599
84b2c606
07b735c9
2c230400
a6230009
470d1e97
1e078793
4398c398
8522ff7d
40b24422
49024492
040005b7
f06f0141
1141934f
2903c04a
c4220845
854a842e
c2264599
84b2c606
07b73dbd
2c230400
a6230009
470d1e97
1e078793
4398c398
8522ff7d
40b24422
49024492
040005b7
f06f0141
07b7902f
06370400
8713fc00
86b30607
96aa00c7
c3944294
9ae30791
07b7fee7
87930400
47051e07
4398c398
07b7ff7d
05b70400
8713fc00
43900607
00b786b3
c29096aa
9ae30791
8082fee7
080007b7
f8000637
0c078713
00c786b3
429496aa
0791c394
fee79ae3
080007b7
1e078793
c3984705
ff7d4398
080007b7
f80005b7
0c078713
86b34390
96aa00b7
0791c290
fee79ae3
71798082
d42265b5
02000613
8593842a
850af245
30efd606
858a6c10
06138522
30ef0200
50b26b50
08042023
08042223
61455422
a6038082
a7030805
20230845
222308c5
061308e5
306f0206
110168d0
08452783
2a03c452
cc220805
c64eca26
ce06c256
c05ac84a
099397b2
22230400
89b308f5
84aa4149
0a938432
75630205
85330336
30ef014a
a7836510
943e0804
0884a023
446240f2
494244d2
4a2249b2
4b024a92
80826105
0063892e
864e020a
014a8533
623030ef
04138526
f0effc04
9452eb1f
a023994e
89a20804
01240b33
03f00a13
413b05b3
033a6063
00645593
fc000793
02f585b3
942e8556
05b38622
30ef40b9
bf695e50
04000613
30ef8556
85265d90
e6bff0ef
fc098993
2783b7e1
11410805
0493c226
c4220205
842ac606
f8000713
00178513
802397a6
079300e7
fd630380
061300a7
8e090400
95264581
5e5030ef
f0ef8522
4501e29f
04000613
45818e09
30ef9526
27835cf0
04130844
d71305f4
078e01d7
00e7e6b3
40b2e691
44924422
80820141
00f40023
01871693
8fd583a1
147d8321
1101b7c5
cc22ce06
842aca26
c63284ae
85223f9d
dd3ff0ef
446285a2
40f24632
44d28526
306f6105
71715290
842ad522
d7060828
c432c62e
46223589
082845b2
85a23559
06130828
3f650200
542a50ba
8082614d
071387aa
46010c85
c3904681
07a1c3d4
fee79be3
06400793
0cb52823
40b785b3
26230586
24230cb5
80820c05
0c852783
c4221141
c04ac226
842ac606
893384ae
9a6300c5
40b20124
0cf42423
44924422
01414902
87138082
97a20017
0007c683
0004c603
80238eb1
278300d7
46630cc4
852200f7
12d010ef
04854701
b7d187ba
0c852783
c4221141
c70397aa
c2260007
4713c606
80230067
278300e7
842a0cc5
17fd84ae
c70397aa
47130007
8023f807
10ef00e7
47810ef0
0d042703
00e7c763
442240b2
01414492
07338082
468300f4
87330007
078500f4
00d70023
7111bff1
842adda2
df860828
c636dba6
3f0984b2
85a64632
3f1d0828
85a20828
50fe3751
546e8522
611154de
27838082
11410d05
c226c422
c606c04a
84ae842a
cb958932
0c852783
c70397aa
47130007
802301f7
278300e7
17fd0cc5
c70397aa
47130007
8023f807
10ef00e7
242305b0
28230c04
27830c04
99260c84
01249a63
242340b2
44220cf4
49024492
80820141
0cc42703
00e7c663
10ef8522
478102b0
00f40733
00074703
07850485
fee48fa3
1713b7f1
57930185
66c10185
86938fd9
5713f006
8f750085
05228fd9
00ff0737
8d5d8d79
872a8082
08134781
9693ffe6
c6630017
06930306
2833fff6
470100c0
00c05463
0016d713
04634781
f7930008
4801ffe6
4e114681
02c7c063
86b38082
c68300f5
07850006
4046d893
20238abd
c3540117
bf650721
01c68a63
00e586b3
0006c683
07050822
46a19836
989316f1
53330027
98aa40d8
00f37313
0068a023
bf5d0785
4e5c7179
4240d422
fff78713
040ed226
5433943a
84b202f4
cc52ce4e
d04ad606
8a2aca56
3fb18622
01c4a983
47014785
013797b3
448117fd
04871f63
89b3478d
0a9302f9
461100c1
85564581
00798793
0037d913
2c5030ef
02090063
413009b3
0079f993
013494b3
07934701
f693fff9
eb950ff4
00d10623
00241513
955285d6
3701460d
542250b2
59025492
4a6249f2
61454ad2
16938082
96d20027
94be4294
8c950705
8633bf51
002300fa
80a100d6
01871693
83218cd5
bf5517fd
17334705
177d00c7
47814801
48814301
00d89b63
8e338082
4e030065
0822000e
987207a1
e8e30305
8f91fec7
00289e13
00f85eb3
feb39e2a
202300ee
088501de
1141bfc1
842ac422
c606852e
c8083d99
00042c23
2e2340b2
44220004
80820141
c4221141
852e842a
3d25c606
cc4840b2
01414422
11418082
842ac422
c606852e
40b2350d
4422cc08
80820141
ac010113
52912a23
28234104
2a235321
89325191
48d08cae
4c9485b6
52812c23
0848842a
53312623
53512223
51712e23
51812c23
0044ab83
52112e23
53412423
53612023
51a12823
51b12623
01410a93
09933715
4c010a01
0184aa03
08442503
054c6863
3f814591
037a06b3
111044bc
852285e6
20839782
240353c1
24835381
29035341
29835301
2a0352c1
2a835281
2b035241
2b835201
2c0351c1
2c835181
2d035141
2d835101
011350c1
80825401
c62a4581
ab033f1d
ad830144
4532000a
016c1b33
85da9b6e
40bc3731
85ce864a
97828522
4a01995e
250348dc
66630844
99de00fa
0a910c05
0d13bf85
85ea001a
3de5c62a
55b34532
da3301ab
3dd9014d
001a7a13
1a6340fc
86ca000a
85ce864e
97828522
8a6a995e
86ceb7c1
bfc5864a
d5010113
29412c23
00052a03
2a812423
2a912223
014a2403
018a2683
2b212023
892e84aa
85b21048
2e238622
26232931
24232971
2b832981
2623004a
2a232a11
28232951
22232961
20232991
2e2329a1
498127b1
0c133501
25030b01
e463018a
053304a9
04050375
2ac12083
2a412483
2a012903
29c12983
29812a03
29412a83
29012b03
28c12b83
02850533
2a812403
28812c03
28412c83
28012d03
27c12d83
2b010113
10588082
00299793
ac8397ba
a5030007
95b30844
95e60089
27833be5
85ca030a
85264601
995e9782
24034d81
e463014a
0985008d
0433b749
d7b341b4
c79301bc
94330017
943e0089
01b417b3
ad03c83e
47850004
01b797b3
4a81ca3e
47c2547d
0844a503
00541b13
85be97d6
334dc63e
446385ca
05b30004
2783016c
4605030d
97828526
016c06b3
4b010405
016ad633
ea018a05
0a8547d2
fcfa93e3
0d85995e
a503b769
0b050844
ce3685da
3ba5cc2a
456247b2
d5b3147d
3b990167
864a46f2
fe068813
00805363
28838642
85b2044d
cc428526
48629882
bf4d86c2
c4221141
852e842a
36b5c606
c84840b2
01414422
11418082
842ac422
c6068532
84aec226
c4083e89
36b18526
c44840b2
44924422
80820141
00052023
00052223
00052423
00052623
00052823
00052a23
00052c23
00052e23
4d5c8082
87134148
050efff7
5533953a
050d02f5
01138082
2c238101
2a037d41
24230005
22237e81
20237e91
2e237f21
28237d31
26237d61
22237d71
2e237d91
26237bb1
2a237e11
24237d51
20237d81
84aa7da1
85527141
89328436
37558bae
008917b3
004a2c83
4785c83e
008797b3
87b3ca3e
8b2a02ac
4981547d
02010913
02000db7
47c2c63e
0844a503
14010a93
01378d33
3f0985ea
a5034781
9b630844
45850767
1a933929
85de0054
00044463
015905b3
278346b2
0290048a
97828526
012a86b3
4a810405
0159d7b3
e3a58b85
098547d2
faf999e3
2083617d
24037ec1
24837e81
29037e41
29837e01
2a037dc1
2a837d81
2b037d41
2b837d01
2c037cc1
2c837c81
2d037c41
2d837c01
01137bc1
80827f01
cc3e85be
27033ee9
85d602ca
8526463d
47e29702
07859ae6
a503b7bd
0a850844
282385d6
2a2301b5
2c230005
2e230005
ce360005
3665cc2a
55b34562
147d015d
46f23661
8793865e
5363fe06
863e0080
044a2703
852685b2
9702cc3e
86be47e2
0113bf91
28238101
2b037d61
26230005
24237e11
22237e81
20237e91
2e237f21
2c237d31
2a237d41
26237d51
24237d71
22237d81
71617d91
89aa0040
85228aae
893285b6
2a03865a
3409004b
3581855a
0a048c2a
4cbd4b81
0849a503
058b9763
037a0a33
34d54585
048b2783
85d60a10
86d2854e
615d9782
7ec12083
7e812403
7e412483
7e012903
7dc12983
7d812a03
7d412a83
7d012b03
7cc12b83
7c812c03
7c412c83
7f010113
85de8082
40143cc9
028b2783
85a6864a
40dc8733
9782854e
04110b85
995294d2
7139bf41
d256d84a
2a83892a
25030005
d64e0845
458189ae
c63ade06
da26dc22
d4528436
8a32ce5e
004aab83
d05ac42a
45223c89
448185d2
46b23b15
85ce8622
3de5854a
08492783
02000737
cb988556
0007aa23
0007ac23
0007ae23
053333ad
942a0375
010aa783
00f4ed63
546250f2
594254d2
5a2259b2
5b025a92
61214bf2
25038082
8b130849
85da0014
3425c42a
55b34522
54b3016a
3419009a
a7838885
e889044a
864e86a2
854a85ce
945e9782
bf4d84da
862286ce
7129bfc5
13412423
00052a03
12912a23
855284aa
12112e23
12812c23
13212823
13312623
13512223
13612023
c632892e
45b239f9
86528aaa
2b030848
0840004a
88dff0ef
94634981
2083033a
240313c1
24831381
29031341
29831301
2a0312c1
2a831281
2b031241
61311201
a5038082
85ce0844
32610985
27834010
85ca02ca
97828526
0411995a
7139bf7d
2b83ce5e
d05a0005
ab03da26
84aa004b
dc22855e
d64ed84a
d256d452
892ecc62
8ab2de06
39b189b6
03650a33
0c334401
a7830149
6e63010b
87b302f4
a5030367
45810844
9a3ec62a
453238dd
3ee985ce
86568526
370585ca
546250f2
594254d2
5a9259b2
4bf25b02
85524c62
61215a22
d6338082
86a20089
461385e2
85260016
9c5a3919
b7750405
4e9c4ad8
c64e1101
02e787b3
c4524a98
cc22ce06
c84aca26
8a2ac256
079d89ae
963e838d
079d469c
838d8f99
4403cfd1
44810006
9a634585
071d06b7
008a2023
009a2223
4901830d
963ec719
00064903
1e634785
a02306f7
aa830129
46900106
04000793
41560633
02f60063
55fd557d
308050ef
fff54513
fff5c593
8de58d61
00aa2023
00ba2223
97b34785
40f20157
17fd4462
0127f7b3
00f9a023
494244d2
4a2249b2
61054a92
55138082
04a20184
05338cc9
450300b6
04220005
942a0585
00a43533
bf8594aa
44814401
05b3b7bd
c58300f6
09220005
992e0785
1141bf9d
4944c226
c04a4d1c
00c52903
c4220485
84b3c606
842a02f4
441c3609
078540b2
02a90933
44224048
449297a6
853397ca
490202a7
80820141
80824108
05064148
41488082
8082050a
cf010113
00e11723
00e15783
30812423
31212023
f79383a5
0ba303f7
578300f1
2e2300e1
2c232f31
07c22f41
30112623
30912223
42c087c1
89ae8a2a
de638936
45831207
18240171
86266539
4b050513
58d020ef
468187ce
02000613
00269713
430c9726
07910685
8e2381e1
430cfeb7
8ea381c1
430cfeb7
81a14318
feb78f23
fee78fa3
fcc69ce3
00141493
85a694ce
85528622
0c6030ef
862294a2
85264581
108030ef
02492783
86ca864e
19284581
29839782
854e13c1
25033ae5
157d00c9
d2eff0ef
01092683
00a9a023
082c4601
3c111928
082c8622
30ef8526
86220800
0533082c
30ef008a
47030740
57830171
771300e1
07c20ff7
d06387c1
67b90607
4b078793
0097c903
00a7d783
09330820
448102e9
03810993
993e4a21
00044783
00144683
01848713
06c207e2
46838fd5
070a0034
00249513
46838fd5
974e0024
06a20485
c31c8fd5
013507b3
954a438c
20ef0411
93e324f0
2083fd44
240330c1
24833081
29033041
29833001
2a032fc1
45012f81
31010113
65b58082
04000613
f4858593
20ef1928
460d7d50
02c40633
854e192c
7c7020ef
4114bdc5
d4a27159
842ad2a6
082884ae
d686084c
ceced0ca
ccd28932
c8dacad6
c4e2c6de
c0eac2e6
29833b21
854e0844
4ae230e5
854e4bf2
865e85d6
8bbff0ef
458d854e
db2ff0ef
854e4a52
85d24985
891ff0ef
85a6864a
f0ef8522
86caf06f
100c8626
85228b2a
dd8ff0ef
08442503
00042c03
c42a94da
8a1ff0ef
85d64522
f0ef865e
86d2875f
85a61010
31258522
8cce892a
00cc2783
02f9e463
02f90933
542650b6
49f65496
4ad64a66
4c264bb6
05334c96
4d060169
4b465906
80826165
86a61018
865285ba
34758522
010c2603
85de8556
00cc9a33
40ef1a7d
2d037b70
7a330844
c62a015a
854e8aaa
c42e8bae
b66ff0ef
00ad2023
865e85d6
f0ef856a
94caff8f
101086d2
852285a6
0985366d
0113b751
2423d501
843e2a81
222353dc
20232a91
2e232b21
2c232931
2a232941
26232951
84aa2a11
89b2892e
86364581
86a208a8
8ac28a3a
40509782
040a8d63
0048096c
66f020ef
874e5c5c
005086ca
08a885a6
00442a03
585c9782
86ca874e
104c8626
978208a8
014485b3
08a81050
20833549
24032ac1
24832a81
29032a41
29832a01
2a8329c1
95522941
29812a03
2b010113
85b28082
9a020048
0113b775
2c23d001
4b402e81
2a23435c
84ba2e91
04054f18
2f512223
02e40433
00f60ab3
2e112e23
2f212823
2f312623
89aa8932
2f412423
2f612023
04058a2e
02f40433
85b650dc
2d712e23
2a2386a6
09282d91
2d812c23
04410b13
46019432
58dc9782
86ce8752
10cc864a
97820928
10d086a6
0828084c
24833e31
852611c1
eecff0ef
4bf24a62
85d28526
f0ef865e
8526ebcf
f0ef458d
4952bb4f
85ca8526
e94ff0ef
865610d4
0928104c
be8ff0ef
11c12503
c42a44ea
eb4ff0ef
85d24522
f0ef865e
864ae88f
86a21058
092885da
8fbff0ef
f0ef8526
a983eb8f
40dc0104
99aa4905
02f989b3
44dc8cca
04f96463
093c40d0
47014501
11630785
208308c7
24032fc1
24832f81
29032f41
29832f01
2a032ec1
2a832e81
2b032e41
2b832e01
2c032dc1
2c832d81
35132d41
01130015
80823001
85524890
9ab385de
1afd00cc
5a5040ef
11c12c03
014afab3
8a2ac62a
8bae854a
f0efc42e
2023954f
85d200ac
8562865e
de6ff0ef
875a944e
865686a2
092885da
857ff0ef
bf850905
00eb06b3
0006c683
0637c583
8ead0705
b7ad8d55
65b5715d
0613c4a2
842a0400
f8c58593
c686850a
473020ef
8522858a
04000613
467020ef
202340b6
22231004
44261004
80826161
1005a603
1045a703
10c52023
10e52223
04060613
43f0206f
27831101
c4521045
10052a03
ca26cc22
c256c64e
c84ace06
97b2c05a
08000993
10f52223
414989b3
843284aa
04050a93
03367563
014a8533
403020ef
1004a783
a023943e
40f21084
44d24462
49b24942
4a924a22
61054b02
892e8082
020a0063
8533864e
20ef014a
85263d50
f8040413
cadfe0ef
994e9452
1004a023
0b3389a2
0a130124
05b307f0
6063413b
5593033a
07930074
85b3f800
855602f5
8622942e
40b905b3
397020ef
0613bf69
85560800
38b020ef
e0ef8526
8993c67f
b7e1f809
10052783
c2261141
04050493
c606c422
0713842a
8513f800
97a60017
00e78023
07000793
00a7fd63
08000613
45818e09
20ef9526
85223970
c25fe0ef
06134501
8e090800
95264581
381020ef
10442783
0bf40413
01d7d713
e6b3078e
e69100e7
442240b2
01414492
00238082
169300f4
83a10187
83218fd5
b7c5147d
ce061101
ca26cc22
84ae842a
3f9dc632
e0ef8522
85a2bcff
46324462
852640f2
610544d2
2db0206f
24237169
842a1281
26230828
c62e1211
3d3dc432
45b24622
35490828
082885a2
04000613
20833f55
240312c1
61551281
419c8082
41dcc11c
459cc15c
45dcc51c
499cc55c
49dcc91c
8082c95c
c11c419c
c15c41dc
c51c459c
c55c45dc
c91c499c
c95c49dc
cd1c4d9c
cd5c4ddc
11418082
0537c422
842e0200
c60685b2
07b73f5d
47050200
1ee7a623
1e078793
ff7d4398
44228522
05b740b2
01410200
1141bf59
0537c422
842e0200
c60685b2
07b73745
47050200
1ee7a623
1e078793
ff7d4398
44228522
05b740b2
01410200
07b7b741
07130200
a6230400
852e1ee7
1e078793
ff7d4398
020005b7
07b7b7a9
07130200
a6230400
852e1ee7
1e078793
ff7d4398
020005b7
4118b7a1
0026d793
020006b7
00472803
55134701
78130028
1663ffc8
07370507
06930200
26230800
96421ed7
07138f89
43141e07
0506fefd
02000737
08930521
17710210
04a8e663
08b7eb8d
06b70200
0e930200
0f370220
8893fe00
86930888
4f851e06
0333a0bd
230300e6
08b30003
071100d7
0068a023
2303b74d
05050006
00251693
a02396ba
17fd0066
bf5d0611
02000737
1e070713
c3144685
fd7d4308
0737b76d
0e330200
9e3201e7
00072303
000e2e03
01c34333
00672023
14e30711
a023ff17
429801f6
0613ff7d
87930886
e8e3fde7
078afcfe
02000337
0e1397b2
06930220
4e851e03
00251713
1c63971a
431c02f6
800006b7
01f7c793
07b7c31c
87930200
43980847
c3988f35
02000737
1e070713
c31c4785
fffd431c
02000737
03079463
28838082
2f030007
05050006
01e8c8b3
01172023
01c51663
01d6a023
fd7d4288
b74d0611
00e786b3
86b34290
079100f5
b7e9c290
c2261141
02000537
85b284ae
c04ac422
8936c606
07b733c9
07130200
a6230800
84131ee7
401c1e07
0537fffd
85ca0200
05050513
07b7334d
477d0200
4785d7b8
07b7c01c
87930200
43981e07
4422ff7d
490240b2
44928526
020005b7
bb490141
c2261141
02000537
85b284ae
c04ac422
8936c606
07b73bb5
07130200
a6230800
84131ee7
401c1e07
0537fffd
85ca0200
06050513
07b73bb1
477d0200
08e7a023
c01c4785
020007b7
1e078793
ff7d4398
40b24422
85264902
05b74492
01410200
411cbb05
d9ca7111
0047a903
dba6dda2
84ae842a
05930028
df860200
d5d2d7ce
89b6d3d6
8ab28a3a
a99fe0ef
0593864a
00280244
ab9fe0ef
85d6864a
e0ef0028
8652aaff
002885ce
aa5fe0ef
85a6864a
e0ef0028
50feb79f
54de546e
59be594e
5a9e5a2e
80826111
7111411c
aa03d5d2
dda20047
842adba6
002884ae
02000593
d9cadf86
d3d6d7ce
89ba8936
e0ef8ab2
8652a33f
002885d6
a55fe0ef
05938652
00280444
a49fe0ef
05938652
00280644
a3dfe0ef
85ca864e
e0ef0028
401ca33f
002885a6
e0ef5390
50feb05f
54de546e
59be594e
5a9e5a2e
80826111
cc221101
c64ec84a
ca26ce06
42c0c452
892ac114
00450993
84b2ce25
862285a6
20ef854e
94a26bc0
862285a6
02490513
6ae020ef
862294a2
051385a6
20ef0449
86226a00
008485b3
06490513
692020ef
020007b7
1e87a423
008007b7
03a78793
943e8009
020007b7
040a854e
0e878793
02879b63
446240f2
020007b7
0c878793
08f92223
494244d2
4a2249b2
80826105
dddd8a2e
05138622
20ef0445
86226440
008a05b3
4138b755
4118c398
05110791
bf7dcfd8
ca261101
cc22ce06
c64ec84a
85b284ae
4462eb09
494240f2
852649b2
610544d2
89aab69d
02000537
893a8436
a7833ea9
74130849
8fa30ff4
07b70087
a6230200
87931f27
43981e07
05b7ff7d
b7d10200
ca261101
cc22ce06
c64ec84a
85b284ae
4462eb09
494240f2
852649b2
610544d2
89aabe05
02000537
893a8436
a7833615
74130849
8fa30ff4
07b70087
a6230200
87931f27
43981e07
05b7ff7d
b7d10200
a78387aa
07370847
06130600
cb980406
0007ac23
020007b7
1ec7a623
8793852e
43981e07
05b7ff7d
bcd90200
a78387aa
07370847
06130500
cb980406
0007ae23
020007b7
1ec7a623
8793852e
43981e07
05b7ff7d
bc410200
a78387aa
07370847
06130500
cb980406
0007ae23
020007b7
1ec7a623
8793852e
43981e07
05b7ff7d
bcbd0200
a78387aa
07370847
06130600
cb980406
0007ac23
020007b7
1ec7a623
8793852e
43981e07
05b7ff7d
bc250200
08452783
06000737
04060613
ac23cb98
07b70007
a6230200
87131ec7
43141e07
4398fefd
43d8c198
4798c1d8
47dcc598
8082c5dc
08452783
05000737
04060613
ae23cb98
07b70007
a6230200
87131ec7
43141e07
4398fefd
43d8c198
4798c1d8
47dcc598
8082c5dc
421ceb11
425cc19c
461cc1dc
465cc59c
8082c5dc
00062803
020007b7
0ff6f693
0107a023
00462803
0107a223
00862803
0107a423
c7d04650
08452603
00d60fa3
1ee7a623
1e078713
fefd4314
c1984398
c1d843d8
c5984798
bf5d47dc
07b74218
c3980200
c3d84258
c7984618
c7d84658
08000713
1ee7a623
1e078713
fffd431c
07b74290
c3b00200
c3f042d0
c7b04690
c7f446d4
020007b7
cbb446fd
c31c4785
020007b7
1e078713
fefd4314
c1984398
c1d843d8
c5984798
c5dc47dc
07b78082
07130200
a6230400
87131ee7
43141e07
4398fefd
43d8c198
4798c1d8
47dcc598
8082c5dc
07b74218
46850200
4258c398
4618c3d8
4658c798
a623c7d8
87131ed7
43141e07
4398fefd
43d8c198
4798c1d8
47dcc598
8082c5dc
020007b7
fe000637
0c878713
00c786b3
429496aa
0791c394
fee79ae3
020007b7
07400713
1ee7a223
1e078793
c3984705
ff7d4398
020007b7
fe0005b7
0c878713
86b34390
96aa00b7
0791c290
fee79ae3
07378082
d6130100
47810025
0c870713
00c79e63
ffc5f793
01000737
071397aa
952e0c87
00a79d63
80824501
00072803
00279693
a02396aa
07850106
4314bfd1
8fa30785
bff9fed7
0075f313
010006b7
063799e1
08370100
87aa0100
00a58e33
08068693
07c60613
07880813
02fe1d63
02030a63
47014781
86335861
86b30307
96aa00b7
0006c683
06130785
96b30386
8f5500c6
fef313e3
010007b7
0807a023
5fbcdff8
c7038082
c8830007
07a10017
08c20762
01176733
ffb7c883
01176733
ffa7c883
673308a2
c2980117
ffc7c703
ffd7c883
08c20762
01176733
fff7c883
01176733
ffe7c883
673308a2
c2180117
00082703
710dbfa5
14112e23
2c234795
2a231481
17231491
04b700a1
c09c0100
842e4729
0613ccb8
45810400
20ef0808
061323a0
45810800
20ef0888
570322e0
662100e1
061386a2
088c6766
f0ef0808
8522872f
860ff0ef
8522c42a
85eff0ef
842a45a2
3dcd0808
088885a2
479935f5
4cfcc09c
c79383ad
f793fff7
d09c07f7
00e15583
00e15783
87c107c2
0407d763
81c105c2
4681089c
08130990
c7030800
c5030007
08b30017
076200d6
8f490542
0037c503
07910691
c5038f49
0522ffe7
a0238f49
9ce300e8
85a5fd06
f5936539
051303f5
10ef4b05
208366b0
240315c1
07b71581
ac230100
a0230407
24830007
61351541
01138082
2423bf01
22234081
20234091
2e234121
26233f31
2c234011
2a233f41
28233f51
04133f61
72d14101
178177d1
97a29116
c0a79f23
07b74711
c3980100
cfb8473d
0005a903
561384b2
06050039
00361793
9bc197ba
40f10133
05000713
010007b7
898ac3d8
05c78713
8391431c
fff7c793
07f7f793
fec7eae3
010007b7
0007a223
06c78813
07478693
4581874e
07078793
00082503
05854288
81610721
fea70c23
81414288
fea70ca3
81214288
fea70d23
0da34288
4388fea7
0e238161
4388fea7
0ea38141
4388fea7
0f238121
4388fea7
fea70fa3
fac5eee3
178177d1
00f40ab3
c1ead783
83a58526
03f7f793
c2fa87a3
ed3fe0ef
c1ead783
00355a13
9941053d
013307c2
87c140a1
dc63868a
7b511807
bf8b0793
c58397a2
a023c2fa
65390027
c10b0793
00f40633
4b050513
479010ef
bf8b0693
429496a2
0a06870a
16634781
775110fa
fe070793
d80397a2
0793c1e7
0a33c907
581300f4
67210088
01003833
67670713
85ce864a
855287a6
906ff0ef
010005b7
00355613
00160293
46818552
88934701
83130805
8e1307c5
0f130785
4f9907e0
02058813
47834395
4e830005
07050015
0ec207e2
01d7e7b3
00354e83
0ff77713
01d7e7b3
00254e83
e7b30ea2
a02301d7
478300f8
4e830045
07e20055
e7b30ec2
4e8301d7
e7b30075
4e8301d7
0ea20065
01d7e7b3
00f32023
000e2783
13e71a63
01f5a023
01e82023
0075a023
06854701
eae30521
07b7f856
ac230100
72d10407
0007a023
bf028293
00540133
911662b1
40c12083
40812403
40412483
40012903
3fc12983
3f812a03
3f412a83
3f012b03
41010113
95938082
95d60027
c0058593
07215990
0c238261
5990fec7
0ca38241
5990fec7
0d238221
5990fec7
00178593
95d6058a
c0058593
fec70da3
07895990
0e238261
5990fec7
0ea38241
5990fec7
0f238221
5990fec7
fec70fa3
07b7bd79
07130100
c3d80510
05c78713
8391431c
fff7c793
07f7f793
ff47eae3
010007b7
06370a0e
a2230100
85930007
873606c7
87939a36
06130747
02e30706
4188e6ea
07214388
0c238161
4388fea7
0ca38141
4388fea7
0d238121
4388fea7
fea70da3
81614208
fea70e23
81414208
fea70ea3
81214208
fea70f23
0fa34208
bf75fea7
ecd61fe3
01f5a023
00e82023
0113b5f1
2c23be01
28234081
26234121
24234131
2e234141
2a234011
22234091
20234151
2e234161
2c233f71
04133f81
72d14201
879377d1
9116fd07
9f2397a2
4711c0a7
010007b7
473dc398
aa03cfb8
89320005
003a5613
17930605
97ba0036
01339bc1
071340f1
07b70520
c3d80100
8713898a
431c05c7
c7938391
f793fff7
eae307f7
07b7fec7
08370100
06b70100
07370100
a2230100
45810007
081387ce
869306c8
07130746
25030707
42880008
07a10585
8c238161
4288fea7
8ca38141
4288fea7
8d238121
4288fea7
fea78da3
81614308
fea78e23
81414308
fea78ea3
81214308
fea78f23
8fa34308
eee3fea7
77d1fac5
fd078793
00f40bb3
c1ebd783
44a1854a
f79383a5
87a303f7
e0efc2fb
d783b7ff
5a93c1eb
053d0035
01339941
f79340a1
8b0a0207
d483eb89
f493c1eb
b4930404
048a0014
77d104b1
fd078793
00f40bb3
c1ebd783
87c107c2
1207dd63
c2fbc583
879377d1
6539c007
00f40633
4b050513
111010ef
875a0a8e
10639ada
04b70d57
4b950100
0174a023
4c114c9c
0184a023
e0ef854a
77d1ac9f
8793810d
8a93c807
0e930184
97a20015
46814801
018488b3
05400f93
05c48313
06c48e13
07448613
07048593
07e00f13
01f8a023
00032703
47138311
7713fff7
db6d07f7
0008a023
000e2703
06854218
0ff6f693
80238361
421800e7
80a38341
421800e7
81238321
421800e7
00e781a3
83614198
00e78223
83414198
00e782a3
83214198
00e78323
83a34198
9b6300e7
a0230fe6
a7030174
4681000a
0184a023
9793a0e5
97de0024
c0078793
07215b94
0c2382e1
5b94fed7
0ca382c1
5b94fed7
82a15b9c
fef70da3
00148793
97de078a
c0078793
fed70d23
04895b94
0e2382e1
5b94fed7
0ea382c1
5b94fed7
82a15b9c
fed70f23
fef70fa3
07b7b5ed
07130100
c3d80530
05c78713
8391431c
fff7c793
07f7f793
ff57eae3
010007b7
06370a8e
07370100
06b70100
a2230100
9ada0007
061387da
071306c6
86930747
84e30706
420ceb57
07a1430c
8c2381e1
430cfeb7
8ca381c1
430cfeb7
8d2381a1
430cfeb7
feb78da3
81e1428c
feb78e23
81c1428c
feb78ea3
81a1428c
feb78f23
8fa3428c
bf75feb7
f10507e3
07a10805
ebd862e3
879377d1
874ac807
063386da
85d200f4
e0ef854e
0737cb1f
468d0100
df68cf34
08072023
5eb486ba
469972d1
86bac314
2c234e94
20230407
82930007
0133be02
62b10054
20839116
240341c1
24834181
29034141
29834101
2a0340c1
2a834081
2b034041
2b834001
2c033fc1
01133f81
80824201
17231141
568300a1
570300e1
560300e1
578300e1
829100e1
83918211
8ba18a11
8a858fd1
8b098309
8fd98fd5
078a6735
3d870713
439097ba
5783ca1d
8b8500e1
5503c799
85b200e1
f06f0141
5783805f
8b8900e1
5503c789
014100e1
5783b0cd
8b9100e1
5503c789
014100e1
0141b119
71798082
01000737
2423d606
26230207
28230207
2a230207
2c230207
2e230207
26230207
28230407
2a230407
2c230407
478d0407
4685c31c
4b4ccf54
c82e4b10
ce32ca32
2023cc2e
46520007
0e872703
40076713
07428f71
14238341
475200e1
15238341
474200e1
5603c63a
07130081
05630200
17930ae6
83c10106
04f76063
89634711
6f630ae7
8b6300f7
470906d7
08e78063
010007b7
0e87a503
b0ef4581
a0a5f28f
81634721
474108e7
fee794e3
00a15503
30ef006c
a88111b0
10000713
08e78663
02f76063
04000713
06e78a63
08000713
fce790e3
00a15503
90ef006c
a025a72f
20000713
06e78863
40000713
fae792e3
00a15503
c0ef006c
a031ae8f
00a15503
30ef006c
50b26da0
80826145
00a15503
10ef006c
bfc51f70
00a15503
30ef006c
b7d56400
00a15503
20ef006c
bfe13940
00a15503
c0ef006c
b7f19c9f
00a15503
10ef006c
b7c129c0
00a15503
f0ef006c
bf55e3ff
00a15503
10ef006c
b7657820
17237119
dca200a1
00c106a3
010007b7
daa6de86
d6ced8ca
d2d6d4d2
470dd0da
5783cfb8
843600e1
87c107c2
0007c663
010007b7
c3984711
00e15783
cb918ba1
05000793
0793ce3e
d03e3200
66000793
5783a839
8bc100e1
32078f63
06000793
0793ce3e
d03e4a00
87936785
d23e9607
830d5702
5712d43a
d63a830d
071356a2
d6b307e0
d83602e6
d6b356b2
da3602e6
f6b356a2
dc3602e6
f73356b2
de3a02e6
073747f2
e7930100
df1c0017
00e15783
f79383a5
0da303f7
578300f1
07c200e1
dc6387c1
45830407
008401b1
86266539
47050513
43c010ef
010007b7
0637473d
05b70100
06b70100
cfb80100
06860613
85934781
86930645
45210606
00279713
43189726
8713c218
070a0017
43189726
c1980789
93e34298
07b7fea7
470d0100
47f2cfb8
01000737
0027e793
87badf1c
03400713
8713c3d8
431c05c7
c7938391
f793fff7
dbf507c7
010007b7
01000837
01000537
010005b7
01000637
010006b7
01000737
0007a223
03080813
05134781
4e0506c5
07058593
02860613
07468693
02c70713
20234891
202300f8
a30301c5
07850005
00662023
0006a303
00672023
ff1793e3
073747f2
e7930100
df1c0097
00e15783
87c107c2
1e07cf63
071387ba
c3d80350
05c78713
8391431c
fff7c793
07c7f793
07b7dbf5
08370100
05370100
05b70100
06370100
06b70100
07370100
a2230100
08130007
47810308
06c50513
85934e05
06130705
86930286
07130746
489102c7
00f82023
01c52023
0005a303
20230785
a3030066
20230006
93e30067
47f2ff17
01000737
00f7e793
0793df1c
07130047
c3980360
01000737
04870713
defd4314
0007a023
073747f2
05130100
e7930347
df1c0047
02b757a2
08370100
c11c0100
07b75722
87930100
c3980507
47014601
04930811
09130370
831307e0
43850842
08c28e13
08828e93
8f134999
4a150202
05828893
01828f93
56d24a8d
12d66963
43945672
c39496b2
010007b7
03800693
853ec3d4
03478693
05078793
4390428c
fec59ee3
01000637
00062223
00d14583
0007a023
92630611
43191605
00652023
05b75772
4e150100
0737d198
20230100
053701c5
2c230100
05610407
20234e85
4f0d01d5
05e72c23
08b74872
07130100
68330587
ac230068
a0230308
85930006
a0230205
46810007
05088793
03900293
88138fc6
03930348
58c207e0
1716e463
439856e2
c3989736
010007b7
03a00713
86bec3d8
03478713
05078793
4390430c
fec59ee3
010007b7
0007a223
c29c4799
07b75762
d3980100
0407ac23
0006a023
5783a8ed
f79300e1
81e30207
0793ca07
ce3e0700
62000793
6785d03e
c6078793
0637b96d
06b70100
07370100
47810100
03060613
02868693
071355fd
451102c7
c28cc21c
0785c30c
fea79ce3
4394bd89
07e68693
2023c394
410c0098
9ee34394
2023fed5
46830008
e28d00d1
0132a023
012f2023
0142a023
0008a023
007fa023
0158a023
76130605
bd410ff6
00271693
059396a2
202307e0
2b030073
15fd000e
0ff5f593
0166a023
000eab03
0166a223
f1f506a1
0fc70713
070ab7f1
00e406b3
01000637
01000737
010005b7
07134781
48050847
08c60613
08858593
e8635572
07b702a7
470d0100
a623cfb8
a8230407
a8230407
aa230207
50f60207
54d65466
59b65946
5a965a26
61095b06
20238082
42080107
f7930785
c2880ff7
c2c84188
bf6d06a1
0007a883
07e88893
0117a023
00562023
00082403
0007a883
ff141ce3
00062023
006fa023
0075a023
01cfa023
00072023
01d52023
20230685
f69301e7
bda10ff6
1723711d
07b700a1
cea20100
cacacca6
c6d2c8ce
cfb8470d
c3984711
00e15783
cb818ba1
09000793
0793ce3e
d03e3000
5783a831
8bc100e1
32078363
0a000793
0793ce3e
d03e4800
44000793
5702d23e
010002b7
01000537
d43a830d
04135712
051303b0
830d05c5
56a2d63a
07e00713
07d00493
02e6d6b3
06c28813
88934385
83130702
8e130282
8e930742
861302c2
49150302
05828593
01828f13
4a11498d
56b2d836
02e6d6b3
56a2da36
02e6f6b3
56b2dc36
02e6f733
46f2de3a
01000737
0016e693
47f2df14
e7934681
df1c0057
01000737
57c20711
2af6e263
03c00793
0737c31c
07130100
431c05c7
839156e2
fff7c793
07f7f793
fed7e9e3
010007b7
010006b7
01000637
010005b7
01000537
01000837
01000737
0007a223
06c68693
43054781
07060613
02858593
07450513
02c80813
03070713
ef6358e2
07372917
47950100
2c23c31c
46050407
468dcf10
4791cf34
47f2c31c
0027e793
87badf1c
03d00713
8713c3d8
431c05c7
c7938391
f793fff7
dbf507c7
010007b7
01000837
01000537
010005b7
01000637
010006b7
01000737
0007a223
03080813
05134781
4e0506c5
07058593
02860613
07468693
02c70713
20234891
202300f8
a30301c5
07850005
00662023
0006a303
00672023
ff1793e3
01000737
47f2c31c
0097e793
87badf1c
03e00713
8713c3d8
431c05c7
c7938391
f793fff7
dbf507c7
010007b7
01000837
01000537
010005b7
01000637
010006b7
01000737
0007a223
03080813
05134781
4e0506c5
07058593
02860613
07468693
02c70713
20234891
202300f8
a30301c5
07850005
00662023
0006a303
00672023
ff1793e3
073747f2
e7930100
df1c00f7
00470793
03f00713
0737c398
07130100
43140487
a023defd
47f20007
01000737
03470693
0087e793
0337df1c
07930100
a0230507
06370006
a0230100
47010007
0e130611
4e990400
02030513
07e00f13
05934f95
08130583
42850183
58d2438d
13176d63
439856f2
c3989736
010007b7
04100713
86bec3d8
03478713
05078793
4390430c
fec59ee3
01000737
00072223
c2904619
461555f2
c290d30c
04072c23
cf0c4585
cf30460d
863a46f2
00a6e693
4394df14
c3940691
04200793
86bac35c
05060793
03470713
4390430c
fec59ee3
010007b7
0007a223
c29c4799
07b74711
d3980100
ac234476
a0230407
44e60006
49c64956
61254a36
57838082
f79300e1
8fe30207
0793ca07
ce3e0b00
60000793
0793d03e
b9c96200
411cc300
c7938391
f793fff7
fae307f7
2023fef4
07930007
202307e0
af830078
17fd0008
0ff7f793
01f32023
000e2f83
01fea023
00062f83
20230f85
fff101f6
0122a023
0005a023
007f2023
0135a023
a0230685
f6930142
b3010ff6
0066a023
00062883
f7930785
a0230ff7
28830115
20230005
28830118
08850007
01172023
a883bb35
88930007
a02307e8
20230117
428001c6
0007a883
ff141de3
00062023
01d32023
01e52023
01f32023
0005a023
00582023
a0230705
77130075
b5610ff7
d4a27159
d2a6d686
ceced0ca
cad6ccd2
c6dec8da
1880c4e2
f8a41f23
010007b7
cfb8470d
f9e45783
87c107c2
0007c663
010007b7
c3984711
f9e45783
cb918ba1
0d000793
faf42623
30000793
faf42823
5783a005
8bc1f9e4
14078163
0e000793
faf42623
48000793
faf42823
44000793
faf42a23
f5040793
830d53b8
53f8d7b8
d7f8830d
071357b4
d6b307e0
dbb402e6
d6b357f4
dbf402e6
f6b357b4
dfb402e6
f73357f4
dff802e6
079257bc
06078793
40f10133
f9e45783
07c2848a
d86387c1
55030007
868af9e4
f0ef4605
2703e02f
07b7fac4
03b70100
67130100
df980017
fac42703
01000537
01000837
00376713
010006b7
010008b7
01000e37
4601df98
05134781
081302c5
86930288
08910306
04300993
05ce0e13
07d00a13
06c38e93
8f134905
8f930703
4a950743
05838313
01838293
4b914b0d
fc042703
08e66063
f9e45703
87410742
10075763
00279713
010005b7
01000537
01000637
46819726
02c58593
02850513
03060613
fc842803
1706f263
00072803
07890685
0105a023
00472803
0ff6f693
20230721
28030105
08050006
01062023
5783bfd1
f793f9e4
8fe30207
0793e807
26230f00
0793faf4
28236000
0793faf4
bd5d6200
f9e45703
87410742
04074f63
0138a023
000e2703
47138311
7713fff7
79e307f7
a023feea
07130008
a02307e0
2583012e
177d000f
0ff77713
00b82023
000fa583
428cc10c
c28c0585
a023f36d
20230153
a0230003
20230122
a0230163
06050173
0ff67613
9713bf21
97260027
07e00593
00072c03
f59315fd
20230ff5
2c030185
07210047
01882023
0006ac03
a0230c05
fdf90186
0fc78793
0737b7d9
06930100
c3540440
05c70693
26034298
8311fc84
fff74713
07f77713
fec768e3
01000737
01000637
010005b7
01000537
01000837
010008b7
010006b7
00072223
06c60613
4e054701
07058593
02850513
07480813
02c88893
03068693
fc842303
0c676663
010006b7
c2984715
0406ac23
ce8c4585
ceb0460d
c2984711
fac42703
010006b7
67134601
de980057
02c68513
03068713
02868813
00468893
04500993
05c68e13
07d00a13
8e9383b6
490506c6
07068f13
07468f93
83134a95
82930586
4b0d0186
20234b91
26830007
6263fc04
570308d6
0742f9e4
59638741
97131007
05b70027
05370100
06370100
97260100
85934681
051302c5
06130285
28030306
f463fc84
28031706
06850007
a0230789
28030105
f6930047
07210ff6
01052023
00062803
20230805
bfd10106
01c62023
0005a303
77130705
20230ff7
23030065
a0230008
a3030068
03050006
0066a023
5683b731
06c2f9e4
cf6386c1
a0230406
26830138
8291000e
fff6c693
07f6f693
feda79e3
0008a023
07e00693
012ea023
000f2583
f69316fd
20230ff6
a58300b8
c10c000f
0585430c
f2edc30c
0153a023
00032023
0122a023
01632023
0173a023
76130605
bf110ff6
00279693
059396a6
ac0307e0
15fd0006
0ff5f593
01852023
0046ac03
202306a1
2c030188
0c050007
01872023
8793fdf9
b7d90fc7
01000737
04600693
0693c354
429805c7
fc842603
47138311
7713fff7
68e307f7
0737fec7
06370100
05b70100
05370100
08370100
08b70100
06b70100
22230100
06130007
470106c6
85934e05
05130705
08130285
88930748
869302c8
23030306
6263fc84
06b73467
47150100
ac23c298
45850406
460dce8c
4711ceb0
0837c298
43910100
00782023
fac42703
03080593
67134601
2c230077
a02302e8
06b30005
09930078
08930470
0a1305c8
031307d0
490506c8
07080e13
02880e93
07480f13
02c80f93
05134a95
02930588
4b0d0188
fc442703
2ee66c63
04800713
06b7c298
86930100
429805c6
fcc42603
47138311
7713fff7
68e307f7
0737fec7
06370100
05b70100
05370100
08370100
08b70100
06b70100
22230100
06130007
470106c6
85934e05
05130705
08130285
88930748
869302c8
23030306
6963fcc4
06372e67
47150100
2c23c218
45850406
468dce0c
4691ce34
2703c214
6713fac4
de180027
f9e45703
87410742
2e074563
04900693
0693c254
429805c6
47138311
7713fff7
db7507c7
01000737
010008b7
01000837
01000537
010005b7
01000637
010006b7
00072223
03088893
08134701
4e8506c8
07050513
02858593
07460613
02c68693
a0234311
202300e8
2e0301d8
07050005
01c5a023
00062e03
01c6a023
fe6713e3
fac42703
010006b7
00b76713
5703de98
0742f9e4
4e638741
87362807
04a00693
0693c354
429805c7
47138311
7713fff7
db7507c7
01000737
010008b7
01000837
01000537
010005b7
01000637
010006b7
00072223
03088893
08134701
4e8506c8
07050513
02858593
07460613
02c68693
a0234311
202300e8
2e0301d8
07050005
01c5a023
00062e03
01c6a023
fe6713e3
fac42703
010006b7
00d76713
5703de98
0742f9e4
46638741
07132407
c2d804b0
05c68713
8391431c
fff7c793
07c7f793
07b7dbf5
08370100
05370100
05b70100
06370100
06b70100
07370100
a2230100
08130007
47810308
06c50513
85934e05
06130705
86930286
07130746
489102c7
00f82023
01c52023
0005a303
20230785
a3030066
20230006
93e30067
2783ff17
0737fac4
e7930100
df1c00f7
00470793
04c00713
0737c398
07130100
43140487
a023defd
27030007
06b7fac4
67130100
de9800a7
05068713
c3144691
04d00693
07b7c394
86930100
428c0347
9ee34310
0737fec5
22230100
45990007
4691c38c
4715d314
0737c398
2c230100
46050407
2803cf10
24230487
26230107
c38c0007
2c23cf10
a0230407
01130007
50b6f904
54965426
49f65906
4ad64a66
4bb64b46
61654c26
20238082
a30301c6
07050005
0ff77713
00652023
00082303
0068a023
0006a303
a0230305
b9510066
0136a023
0008a703
47138311
7713fff7
79e307f7
a023feea
07130006
202307e0
2b830123
177d000e
0ff77713
017ea023
000f2b83
017fa023
0005ab83
a0230b85
ff710175
01582023
00052023
0122a023
01652023
20230605
76130078
b15d0ff6
01c62023
0005a303
77130705
20230ff7
23030065
a0230008
a3030068
03050006
0066a023
9713b1dd
08370027
05370100
05b70100
97260100
08134601
05130308
859302c5
20230285
288300c8
06050007
01152023
00472883
a0230721
14e30115
07a1fed6
9713bb81
05370027
05b70100
06370100
97260100
05134681
85930305
061302c5
48110286
2883c114
06850007
0115a023
00472883
20230721
95e30116
07a1ff06
078ab345
01000637
010006b7
01000737
061394be
47810306
02c68693
02870713
c21c4591
07854088
40c8c288
c30804a1
feb799e3
1141bbed
00a11723
01000737
cb7c4785
87badf1c
08000713
5783dfd8
8b8500e1
5503cb81
468100e1
01414601
d59fe06f
00e15783
c7918b89
00e15503
f06f0141
5783a3ef
8b9100e1
5503c791
014100e1
e68ff06f
80820141
010007b7
0ca7a823
0cb7aa23
07b78082
a8230100
a5030ca7
80820d87
dc227139
d84ada26
d452d64e
de06d256
ce5ed05a
47830080
84aa0085
8a3289ae
49018ab6
10f94c63
0009c703
010007b7
05c00593
0ae7aa23
0004c783
0014c703
07e24501
8fd90742
0034c703
8fd9597d
0024c703
8fd90722
01000737
0af72c23
b12fa0ef
0094c503
00a4db03
032507b3
77939b3e
07bd0fc5
1f07f793
40f10133
0c638b8a
06b70c0a
470d0100
4791ceb8
810dc29c
05b00713
fca42623
8713c2d8
431c05c6
fcc42603
c7938391
f793fff7
e8e307f7
07b7fec7
a2230100
ac230007
a0230407
06370006
06b70100
05b70100
87de0100
86934701
061306c6
85930746
25030705
6263fcc4
c70306a7
06b70094
06370100
77130100
47810fc7
0d068693
0d460613
04f71e63
012487b3
86a34705
c78300e7
450100c4
862397ba
802300f4
01130129
50f2fc04
54d25462
59b25942
5a925a22
4bf25b02
80826121
01248733
00d74703
0905d305
4288bdf1
07054208
4188c388
07a1c3c8
858ab769
b7719a82
00fb85b3
0533418c
c28800fb
0791c20c
1141bf51
c226c422
c606c04a
00854783
84ae842a
00b50933
00f5f563
00d94783
07b7ef85
aa230100
47830a97
47030004
05930014
07e205d0
8fd90742
00344703
8fd94501
00244703
8fd90722
01000737
0af72c23
9aefa0ef
000906a3
00c44783
00a45683
01000637
062317fd
478300f4
05b70094
47010100
029784b3
0d060613
85938389
96a60d45
01071513
69638141
40b200f5
44924422
45014902
80820141
00271513
c2089536
0005a023
bfe90705
c4221141
c04ac226
4783c606
842a0085
893284ae
00f5f763
00b507b3
00d7c783
07b7ef85
aa230100
47830a97
47030004
05930014
07e205e0
8fd90742
00344703
8fd94501
00244703
8fd90722
01000737
0af72c23
8fefa0ef
00944783
00a45683
01000637
029784b3
010005b7
0fc7f713
0d060613
85934781
96a60d85
00f71963
442240b2
49024492
01414501
85338082
c20800f6
0005a803
00f90533
20230791
bfe90105
c4221141
c04ac226
4783c606
842a0085
893284ae
00f5f763
00b507b3
00d7c783
07b7ef85
aa230100
47830a97
47030004
05930014
07e205e0
8fd90742
00344703
8fd94501
00244703
8fd90722
01000737
0af72c23
85afa0ef
00944783
00a45683
01000637
029784b3
010005b7
0fc7f713
0d060613
85934781
96a60d45
00f71963
442240b2
49024492
01414501
05338082
410800f9
00f68833
01062023
0791c188
7179bff1
010007b7
d04ad226
cc52ce4e
c462c65e
d606c266
ca56d422
c06ac85a
cfb8470d
08078a13
07c78993
01000937
20234799
a023000a
64b900f9
07892783
41848493
07890913
01848c13
03000c93
01000bb7
4a814080
47834b01
47030004
4d010014
074207e2
47038fd9
8fd90034
00244703
8fd90722
00fa2023
00444783
00544703
074207e2
47038fd9
8fd90074
00644703
8fd90722
00f9a023
00092783
000a2023
00944783
00c44703
072207c2
47038fd9
8fd90084
00f9a023
00092783
015407b3
00d7c783
8656cb99
05b74501
20ef8000
6b332360
6d3300ab
0a8500bd
ff9a90e3
01aa2023
0169a023
00092783
11e30491
4799f69c
00fba023
07b7474d
d3980100
542250b2
0407ac23
000ba023
59025492
4a6249f2
4b424ad2
4c224bb2
4d024c92
80826145
d4227179
1800d04a
d226d606
fca41f23
fde45583
fde45703
879367b9
832d4187
97ba070a
0007a903
fde45603
47838191
f5930099
07a303f5
f793feb4
07bd0fc7
1f07f793
40f10133
fde45783
cf9d8b85
82410642
66b58229
a2c68693
05938a05
854afef4
46833e01
07b7fef4
47190100
c398c794
4f18873e
0007a023
fd040113
542250b2
59025492
80826145
fde45783
c7818b89
3981854a
5783b7d5
8b91fde4
860ac3bd
31fd854a
00994783
01000737
cf34468d
08070693
0006a023
07c70593
c19c838d
07870513
860a4118
9d634701
073700e7
46990100
0785c314
2c23d31c
20230407
bf590007
00062803
77130705
a0230ff7
28030106
06210046
0105a023
00052803
5783b7e9
8ba1fde4
33f1dba5
e7b3b7b5
8b8d00a5
cf99470d
4781872a
02f61663
86b38082
a80300f5
06b30006
079100f5
0106a023
40f606b3
fed765e3
ffc67713
8a0d95ba
bfd1972a
00f586b3
0006c803
00f706b3
80230785
b7c90106
0ff5f813
c61987aa
0037f713
470deb01
00c76b63
9063963e
808204c7
167d0785
ff078fa3
06b7b7cd
86930101
f5931016
85b30ff5
833302d5
86be00c7
0691c28c
40d308b3
ff176ce3
ffc60713
07919b71
8a0d97ba
0785b7c1
ff078fa3
478dbf6d
00c7e763
15634701
450104e6
67338082
8b0d00b5
4891fb65
411886be
0363419c
470102f7
00e507b3
00e58833
0007c783
00084803
01078563
41078533
07058082
ff1712e3
05111671
e8e30591
bf5dfcc6
00e507b3
86b30705
c78300e5
c6830007
82e3fff6
8533fad7
808240d7
17237159
05b700a1
d6a20100
d2cad4a6
ced2d0ce
cadaccd6
c6e2c8de
c9fc4785
c1984711
4988cddc
01058693
4515cc2a
cddcc188
ce2a4988
cddcc198
d0364294
cdb4468d
00e15603
0af61863
00010ba3
d23646a1
d43646c5
01061593
d63a81c1
da3ad82e
06b75792
07130100
de9c0300
010007b7
dc02dfd8
86934585
88330386
de0200e7
04c78513
02878e13
02c78e93
00478713
83be44dd
08000913
88934995
8f130587
842e0187
4a914a0d
8f934b61
83130487
86130347
4be50507
f46347e2
0e370ab7
28230100
5742040e
03134785
e063050e
543618e7
010007b7
0407ac23
0007a023
591654a6
4a765986
4b564ae6
4c364bc6
80826165
00e15583
9c634609
0ba300c5
47310001
4725d23a
4721d43a
d83ed63a
5603b7b9
146300e1
0ba302d6
d20200f1
d43a4755
06935722
d63a5400
57334772
070502d7
4772d83a
07058319
5683b70d
961300e1
82410106
f0e69ce3
00f10ba3
4745d232
5722d43a
44000693
4772d63a
47e2b7f9
00b79f63
e7935792
c29c0017
00052023
00082023
20235782
a02300fe
5792000e
0027e793
2023c29c
57a20008
c11c17fd
2283c304
411c0008
fef29de3
00072023
52e25c22
dc1692e2
5c6252a2
405907b3
00fc6d63
0133a023
0008a023
008f2023
0148a023
0153a023
5792dc02
0037e793
2023c29c
a7830167
dff5000f
00072023
906347e2
202306b7
57c20003
04f47d63
c21c57b2
01772023
00032283
9de3421c
2023fef2
47830007
c7890171
478552c2
00f29a63
010007b7
a0234299
52d20057
0257a023
00062c03
92e252f2
2c03de16
52d20006
418282b3
5792da16
0017e793
0585c29c
57d2bd85
4715b76d
00ee2023
01000737
04072c23
468dcf1c
4e91cf34
01000637
01000737
01000537
010005b7
01000837
01de2023
03860613
4f699776
04850513
03458593
42994fed
02080813
08000393
fce356c2
5692e2d7
0036e693
2023c214
411401e7
2023defd
58d20007
f46356b2
56b20716
00d32023
0005a023
01f72023
0005a883
00032683
fed89ce3
00072023
00032403
98a258f2
2403de46
58d20003
408888b3
56c2da46
886316fd
56b200f6
86b358f2
ea6340d3
202300d8
56f2005e
00d82023
01de2023
5692de02
e6930785
c2140016
56d2bfb5
711dbf71
c8cacca2
caa6ce86
c4d2c6ce
c0dac2d6
07931080
c7b0f604
07a3c3f8
47b8faa4
89364605
cfb8070e
070e43f8
4703cff8
1c63faf4
751314c7
47210ff7
4fb8d3b8
44000693
02d75733
d3f89732
4fb8d7a8
02d77733
d7f8830d
dbb84745
dbf84711
f6040493
50f858bc
01000b37
02e787b3
07bd078e
01339bc1
58bc40f1
282350f8
850a082b
02e787b3
0786898a
08fb2c23
0a0b2023
f0ef44b0
58fcb29f
069354b8
45850300
02e787b3
04e00293
07bd078e
01339bc1
58fc40f1
282354b8
860a082b
02e787b3
01000737
03870713
2c230786
202308fb
50bc0a0b
07b7c31c
dfd40100
fc042c23
fc042e23
00d78533
02878813
02c78893
00478313
04878e13
03478e93
04078f13
04478f93
fc442783
10b7fe63
fc842783
ff634685
05b702f6
05370100
08370100
08b70100
03370100
0e370100
85930100
05110385
04f00e93
04880813
03488893
04030313
044e0e13
fc842783
1cf6e363
fa442783
01000737
09272823
2a23078d
838908c7
08f72c23
a78387ba
011309c7
40f6fa04
44d64466
49b64946
4a964a26
61254b06
46838082
4709faf4
02e69563
d3b84731
06934fb8
57332400
070502d7
d7b0d3f8
77334fb8
830d02d7
4725d7f8
4721dbb8
4683b55d
470dfaf4
02e69963
fc042023
06934fb8
57335400
070502d7
4ff8d3f8
02d75733
d7b80705
77334fb8
830d02d7
4755d7f8
5bb8dbb8
4703b5bd
4611faf4
0ff77693
e6c712e3
4fb8d3b4
44000693
02d75733
d3f80705
57334ff8
070502d7
4fb8d7b8
02d77733
d7f8830d
b7d94745
fc442783
00b79f63
fc042783
0017e793
2023c31c
27830005
2023fcc4
a02300f8
27830008
4681fc04
0027e793
2783c31c
eb63fd04
069302f6
5abcf604
0786a383
979e0786
52bcdebc
0037e793
2023c31c
27830053
dff5000e
00032023
fc442783
08b79563
a0954681
2783c114
9393fd84
06850016
078a979e
439c97ce
0ff6f693
00f82023
fd842783
979e0785
97ce078a
a023439c
bf6100f8
00dea023
fdc42783
00169393
000f2483
078a979e
c38497b2
fdc42783
f6930685
07850ff6
a383979e
078a000f
a02397b2
27830077
e5e3fd44
0693fcf6
5afcf604
07c6a383
979e0786
52bcdefc
0017e793
0585c31c
2783bbd5
e793fc04
c19c0037
01d52023
00082783
2023dff5
47010005
fd442783
02f76063
f6040713
2f035b7c
068507c7
97fa0786
533cdf7c
0017e793
bbedc19c
00e8a023
fdc42783
00171f13
00032f83
078a97fa
a02397b2
278301f7
0705fdc4
0ff77713
97fa0785
000e2f03
97b2078a
01e7a023
7175b765
00a11723
c706c522
c14ac326
dcd2dece
d8dadad6
47bdd6de
01000437
4711cc3c
010007b7
4715c398
469ddf98
06b7db94
d7d40900
df984705
00e15783
f79383a5
0fa303f7
578300f1
07c200e1
dc6387c1
45830407
100401f1
86266539
53050513
c54ff0ef
0637478d
05b70100
06b70100
04130100
c01c0584
06860613
85934799
86930645
55790606
00279713
43189726
8713c218
070a0017
43189726
c19817f9
93e34298
0737fea7
07b70100
468d0100
02072823
467dc7f4
010006b7
03070713
04c78793
4310c2d0
1ee34394
07b7fed6
07370100
a2230100
46a10007
0713df14
c3d80200
01000737
07130791
43140487
a023defd
47030007
578301f1
771300e1
07c20ff7
d16387c1
67b90807
53078793
0097c403
00a7d783
010004b7
02e40433
01000ab7
01000a37
03448493
8a9349b9
0b13044a
0a130201
4b99040a
0004a023
0413943e
a7030384
9793000a
97da0029
2703c398
8913000a
090a0019
2023995a
438c00e9
19f98522
910ff0ef
00092583
00440513
f0ef1461
409c902f
c09c0785
fd7993e3
0004a023
010007b7
cfb8473d
06934711
cbb80210
01000737
8793c354
86ba0507
03470713
4390430c
fec59ee3
010007b7
0007a223
c29c4799
07b74711
d3980100
442a40ba
0407ac23
0006a023
490a449a
5a6659f6
5b465ad6
61495bb6
71598082
00a11723
47bdd4a2
d2a6d686
01000437
5783cc3c
83a500e1
03f7f793
00f10fa3
00e15783
87c107c2
0407dc63
01f14583
65391004
05138626
f0ef5305
478da96f
01000637
010005b7
010006b7
05840413
0613c01c
47990686
06458593
06068693
97135579
97260027
c2184318
00178713
9726070a
17f94318
4298c198
fea793e3
010007b7
cfb8473d
c3984711
8713469d
20230307
c7f40007
02200613
010006b7
04c78793
4310c2d0
1ee34394
07b7fed6
07370100
a2230100
46a10007
0713df14
c3d80230
01000737
07130791
43140487
0737defd
a0230100
46910007
0693cb34
c3940240
010006b7
05070713
03468793
4310438c
fec59ee3
010007b7
0007a223
c29c4799
07b74711
d3980100
542650b6
0407ac23
0006a023
61655496
11418082
00a11723
010007b7
df98470d
df984705
010007b7
05000713
5783dfd8
8b8500e1
5503c789
014100e1
5783b9c9
8b8900e1
5503c789
014100e1
0141b55d
07b78082
47550100
4715df98
4558db98
2803d798
47410085
0307a623
a8234819
41500307
4114d790
df98d7d4
010007b7
c3d84705
01000737
07130791
43140487
a023defd
07b70007
aa230100
46e10207
43b8df94
04078693
43f0c5d8
04478713
4605c590
4294dbd0
4318c1d4
aa23c198
80820207
010006b7
d6f04605
87135abc
c55c0706
87935aec
c50c0746
4318d6f0
439cc158
8082c11c
06b7455c
87130100
defc0806
4605451c
deb0c31c
87b6414c
4114deec
dfb0c314
421c8082
8fb94198
425cc21c
8fb941d8
461cc25c
8fb94598
465cc61c
05b745d8
8fb90100
47d5c65c
479ddd9c
465cd99c
2803d59c
47850086
0305a623
a8234821
28030305
a4230046
28030305
a6230006
48250305
0305a823
00c52803
0305a423
00852803
0305a623
a8234829
41540305
4118d594
dd9cd5d8
010007b7
c3d84709
01000737
07130791
43140487
a023defd
47090007
010007b7
46a5dbd8
43b8df94
04078693
43ecc658
04478713
458dc60c
4294dbcc
4318c254
aa23c218
80820207
17237159
578300a1
d4a200e1
8b9dd686
5783d23e
d2a600e1
8385d0ca
0fa38b8d
578300f1
cece00e1
83a5ccd2
03f7f793
02f10023
01f14683
470dcad6
4781842e
00e68a63
01f14703
77934689
03630ff7
479100d7
02f100a3
07b74755
df980100
47455692
df98d794
01f14703
8f994791
01000737
87badb1c
c7f84719
00e15783
87c107c2
0807cb63
010007b7
cfb8473d
a0234e91
401c01d7
01000737
010006b7
57a2d43e
01000637
01000837
0123d63e
07b70201
05b70100
05370100
01a30100
97f60201
0713438d
86930307
061304c6
44c10386
04880813
03458593
05134961
49890505
0f134895
430507e0
02b74f99
4a450100
02214e03
080e0863
542650b6
010007b7
0407ac23
0007a023
59065496
4a6649f6
61654ad6
45838082
18040201
86266539
57050513
ed5fe0ef
010007b7
cfb8470d
01f14783
01000637
010005b7
87e107e2
01000537
00179693
06860613
06458593
06050513
f207c8e3
02114703
07e217fd
070a9736
43189726
c21887e1
02114803
00168713
974216f9
9726070a
c1984318
bfc94118
0077a023
00072a83
0006ae03
ffca9ce3
0007a023
2e03c204
1e790004
01c42023
01d7a023
00082e03
fe0e0ee3
0007a023
0005a023
01262023
01352023
0117a023
0005aa83
00052e03
ffca9ce3
0007a023
2a835e22
0e330004
1463415e
2e0305ee
00630004
2e03040e
d4720004
2023d67a
a0230117
01a301f6
20230261
4e030146
05e30231
4899ee0e
0112a023
08b75332
a0230100
01a30268
48910201
0112a023
2e03bd6d
07630004
2023000e
a0230117
b7e101f6
d6725e22
026101a3
02610123
7131bf6d
00a11723
00e15783
df06dd22
d23e8b9d
00e15783
d94adb26
8b8d8385
00f10ea3
00e15783
d552d74e
f79383a5
0f2303f7
468300f1
470d01d1
4781842e
00e68a63
01d14703
77934689
03630ff7
479100d7
00f10fa3
47555792
00238b85
07b702f1
df980100
47455692
df98d794
01d14783
06b74711
07b30100
da9c40f7
5783c6f8
07c200e1
c06387c1
07b70c07
473d0100
4711cfb8
4719c398
0737c3d8
87930100
07130307
439004c7
1ee34314
07b7fed6
a2230100
20230007
471d0007
0737c3d8
07130100
431c05c7
c7938391
f793fff7
dbf507e7
010007b7
0007a223
3ec91808
02014783
5742cb89
5752c8ba
5762caba
5772ccba
401cceba
010004b7
010009b7
57a2d43e
4a210491
00a3d63e
01230201
47850201
02f101a3
05c98993
01000937
05090913
02114783
50fac7d1
07b7546a
ac230100
a0230407
54da0007
59ba594a
61295a2a
45838082
010401e1
86266539
57050513
c5dfe0ef
010007b7
cfb8470d
01d14783
01000637
010005b7
87e107e2
01000537
00179693
06860613
06458593
06050513
f007c3e3
01f14703
07e217fd
070a9736
43189726
c21887e1
01f14803
00168713
974216f9
9726070a
c1984318
bfc94118
0144a023
0009a783
c7938391
f793fff7
dbed07e7
0004a023
34cd0088
17f9401c
4783c01c
cbbd0201
00092023
46c64706
1088088c
d0ba8f35
46d64716
d2ba8f35
46e64726
d4ba8f35
46f64736
d6ba8f35
47893c2d
00f92023
401857a2
07138f99
916307e0
40180ae7
4018cf51
d63ed43a
01234785
478302f1
8be30221
07b7ee07
47190100
56b2c398
0123d394
47030201
1be30211
4711ec07
b5f9c398
0088088c
478332ed
cf950231
46c65742
d0ba8f35
46d65752
d2ba8f35
46e65762
d4ba8f35
46f65772
d6ba8f35
020101a3
3c891088
d8ba4706
daba4716
dcba4726
deba4736
5746bfa5
8f3546c6
5756d0ba
8f3546d6
5766d2ba
8f3546e6
5776d4ba
8f3546f6
b7e9d6ba
fba5401c
d63e57a2
01234785
00a302f1
b78502f1
17237115
578300a1
cda200e1
8b9dcf86
5783d03e
cba600e1
8385c9ca
0e238b8d
578300f1
c7ce00e1
83a5c5d2
03f7f793
00f10ea3
01c14683
842e470d
8a634781
470300e6
468901c1
0ff77793
00d70363
0f234791
578300f1
475500e1
8b8583a1
00f10fa3
010007b7
5682df98
d7944745
4783df98
471101c1
010006b7
40f707b3
c6f8da9c
00e15783
87c107c2
1007c563
010007b7
cfb8473d
c3984711
c3d84725
03078713
04c78793
43944310
fed61ee3
01000737
00072223
0007a023
c302c102
c702c502
cb02c902
010ccd02
cf020908
009c304d
82fd43b4
43b4d636
068643f0
8ed1827d
43f4d836
068647b0
8ed1827d
47b4da36
068647f0
8ed1827d
47fcdc36
de3e0786
c78957b2
c79357f2
de3e0877
837d5742
5742d43a
070656d2
8f5582fd
5752c0ba
07065662
8f51827d
5762c2ba
07065672
8f51827d
5772c4ba
c6ba0706
c78957a2
c79347b6
c6be0877
d282d082
d682d482
010004b7
01000937
0491d202
091349a9
0a1305c9
401c07e0
1088efc1
07b73861
47190100
4689c398
40fed394
ac23446e
a0230407
44de0007
49be494e
612d4a2e
45838082
110401d1
86266539
57050513
941fe0ef
010007b7
cfb8470d
01c14783
01000637
010005b7
87e107e2
01000537
00179693
06860613
06458593
06050513
ea07cee3
01e14703
07e217fd
070a9736
43189726
c21887e1
01e14803
00168713
974216f9
9726070a
c1984318
bfc94118
0134a023
00092783
c7938391
f793fff7
dbed07e7
0004a023
f0ef0888
401cfc6f
c01c17f9
07895792
46c6d23e
009c5606
db948eb1
53d04bd4
dbd48eb1
57904f94
df948eb1
57d04fd4
dfd48eb1
eaa14014
01f14683
5b94c6a9
8eb15642
5bd4db94
8eb15652
5f94dbd4
8eb15662
5fd4df94
8f355772
108cdfd8
f0ef1888
5792ef4f
ef4793e3
80e3401c
07b7ee07
47150100
4685c398
4711cf94
d202c398
401cb5e9
5746fbf9
8f354686
5756d8ba
8f354696
5766daba
8f3546a6
5776dcba
8f3546b6
bf55deba
17237155
578300a1
c3a600e1
8b9dc786
5783ce3e
c5a200e1
8385c1ca
0b238b8d
578300f1
df4e00e1
83a5dd52
03f7f793
00f10ba3
01614683
d95adb56
470dd75e
478184ae
00e68a63
01614703
77934689
03630ff7
479100d7
00f10c23
46d547f2
8b854745
00f10ca3
e79347f2
ce3e0017
010007b7
46f2df94
df98d794
010007b7
c3984715
cfd84705
47114b9c
010006b7
4783d03e
07b30161
da9c40f7
5783c6f8
07c200e1
c76387c1
07b71007
473d0100
4711cfb8
472dc398
8713c3d8
87930307
431004c7
1ee34394
07b7fed6
47310100
0007a223
0737c3d8
07130100
431c05c7
c7938391
f793fff7
dbf507e7
01000937
22231808
f0ef0009
088ce26f
0a371808
09110100
da6ff0ef
d2024ab5
05ca0993
07e00b13
57824b95
10079563
010007b7
c3984715
cf944685
c3984711
4739d202
8713c3d8
431c05c7
c7938391
f793fff7
dbf507e7
01000937
22231808
f0ef0009
188cdcef
f0ef1808
409cd54f
010009b7
d43e0911
4a3d57a2
05c98993
0d23d63e
0da30001
4ac50001
47834b41
8d6301a1
07b71007
47150100
4685c398
4719cf94
4689c398
40bed394
ac23442e
a0230407
449e0007
59fa490e
5ada5a6a
5bba5b4a
80826169
01714583
65390100
05138622
e0ef5705
07b7e5af
470d0100
4783cfb8
06370161
05b70100
07e20100
053787e1
96930100
06130017
85930686
05130645
cce30605
4703ea07
17fd0181
973607e2
9722070a
87e14318
4803c218
87130181
16f90016
070a9742
43189722
4118c198
2023bfc9
a7830159
83910009
fff7c793
07e7f793
1808dbed
00092023
ce0ff0ef
088c5782
17f91088
5792d03e
07891000
481cc05c
8fb95818
485cc03c
8fb95858
4c1cc07c
8fb95c18
4c5cc43c
8fb95c58
f0efc47c
405cc38f
e9679fe3
8ce35782
2023e807
07b7017a
47050100
4791cf98
00fa2023
b541d202
01492023
0009a783
c7938391
f793fff7
dbed07e7
00092023
f0ef1808
409cc6af
c09c17f9
07895792
4783d23e
c3fd0191
46c65742
1088088c
d0ba8f35
46d65752
d2ba8f35
46e65762
d4ba8f35
46f65772
d6ba8f35
bbeff0ef
01692023
0009a783
c7938391
f793fff7
dbed07e7
20231088
f0ef0009
5792c12f
008c1088
d23e0789
b92ff0ef
470657c2
8fb91088
57d2d0be
8fb94716
57e2d2be
8fb94726
57f2d4be
8fb94736
f0efd6be
5712c02f
07c00793
02f71463
409457a2
8f638f95
073700e7
47950100
2c23c31c
46050407
2c23cf10
47910547
d202c31c
409857a2
07138f99
986307c0
40980ae7
4098c74d
d63ed43a
0da34785
478300f1
84e301b1
07b7de07
47190100
56b2c398
d3944711
00010da3
b3f9c398
01592023
0009a783
c7938391
f793fff7
dbed07e7
20231088
10000009
b54ff0ef
008c405c
07891088
f0efc05c
481cad4f
10885018
c03c8fb9
5058485c
c07c8fb9
54184c1c
c43c8fb9
54584c5c
c47c8fb9
b44ff0ef
5818403c
0088088c
d01c8fb9
5858407c
d05c8fb9
5c18443c
d41c8fb9
5c58447c
d45c8fb9
a86ff0ef
409cbf29
57c6f3ad
10884746
d0be8fb9
475657d6
d2be8fb9
476657e6
d4be8fb9
477657f6
d6be8fb9
af0ff0ef
0d234785
0da300f1
57a200f1
b735d63e
17237151
578300a1
d78600e1
8b9dd5a2
5783d03e
d3a600e1
8385d1ca
0da38b8d
578300f1
cfce00e1
83a5cdd2
03f7f793
00f10e23
01b14683
c9dacbd6
470dc7de
8a634781
470300e6
468901b1
0ff77793
00d70363
0ea34791
570200f1
01000537
8b0546d5
00e10f23
48155702
67134585
d03a0017
5602dd14
071346c5
d5100105
2023dd14
cd4c0105
d2324910
c1104611
2883cd4c
d4460105
01052023
4318cd4c
4783d63a
07b301b1
d91c40f6
5783c570
07c200e1
c96387c1
07b70c07
473d0100
4711cfb8
c882c398
cc82ca82
ce824749
8713c3d8
87930307
431004c7
1ee34394
04b7fed6
00800100
088885a2
0004a223
956ff0ef
d282d082
d682d482
049157b2
07bd4901
d83e8391
5732da02
046347b1
09b70ef7
4ad10100
05c98993
07e00b13
01000a37
57c24b95
0ef97b63
0154a023
0009a783
c7938391
f793fff7
dbed07e7
a0230888
f0ef0004
57d2972f
088c1090
85220789
f0efda3e
57d29a8f
01678663
17fd57c2
03279063
017a2023
010007b7
0407ac23
cf944685
cfb8473d
20234791
da0200fa
b7450905
01c14583
65391100
05138622
e0ef5705
07b7a22f
470d0100
4783cfb8
063701b1
05b70100
07e20100
053787e1
96930100
06130017
85930686
05130645
cae30605
4703ee07
17fd01d1
973607e2
9722070a
87e14318
4803c218
871301d1
16f90016
070a9742
43189722
4118c198
47cdbfc9
01000737
0713c09c
431c05c7
c7938391
f793fff7
dbf507e7
010007b7
0007a223
f0ef1088
d88289ef
dc82da82
57a2de82
01000937
010009b7
839107bd
4481dc3e
4b550911
05c98a13
0b934a91
57e207e0
0cf4e263
cb02c902
cf02cd02
09b75792
0a370100
07bd0100
de3e8391
571257f2
07924901
f7938f99
0fa30ff7
570600f1
0991009c
5716c3b8
0a134ad9
c3f805ca
0b135726
c7b807e0
c7f85736
6b6357f2
c8820cf9
189057a2
078e088c
cc82cabe
85225792
cebe078e
84eff0ef
1088090c
f8ffe0ef
5818483c
8fb90908
487cc83c
8fb95858
4c3cc87c
8fb95c18
4c7ccc3c
8fb95c58
e0efcc7c
07b7ffff
47190100
4689c398
50bed394
ac23542e
a0230407
549e0007
49fe590e
4ade4a6e
4bbe4b4e
8082616d
01692023
000a2783
c7938391
f793fff7
dbed07e7
00092023
a0230888
e0ef0159
57d2f8ff
088c1890
85220789
e0efda3e
57d2fc5f
01778663
17fd57e2
02979063
a0234795
07b700f9
ac230100
46850407
473dcf94
a023cfb8
da020159
bdf10485
0159a023
000a2783
c7938391
f793fff7
dbed07e7
a0230888
e0ef0009
57d2f33f
090c0084
da3e0789
010844fc
c4fc0785
eabfe0ef
474648bc
c8bc8fb9
475648fc
c8fc8fb9
47664cbc
ccbc8fb9
47764cfc
ccfc8fb9
17fd57f2
03279963
01f14783
4783c78d
c39501e1
01f14703
ec63478d
47fa04e7
01f14683
01f14703
d7b3068e
070e00d7
00e797b3
0908cf3e
ee5fe0ef
01e14783
090c1890
088ce391
e0ef8522
57d2ef5f
01678663
17fd57f2
01279b63
010007b7
c3984719
471156d2
c398d394
0905da02
4703b595
479d01f1
02e7e263
468347ea
470301f1
16f101f1
1771068e
00d7d7b3
97b3070e
cd3e00e7
bf71cf02
01f14703
e26347ad
47da02e7
01f14683
01f14703
068e16e1
d7b31761
070e00d7
00e797b3
cd02cb3e
47cabfd1
01f14683
01f14703
068e16d1
d7b31751
070e00d7
00e797b3
cb02c93e
1141bff9
00a11723
010007b7
df98474d
df984745
010007b7
07000713
5783dfd8
8ba100e1
5503c791
014100e1
eedfe06f
00e15783
c7918bc1
00e15503
f06f0141
5783924f
f79300e1
c7910207
00e15503
f06f0141
5783bdef
f79300e1
c7910407
00e15503
f06f0141
5783e92f
f79300e1
c7890807
00e15503
b4cd0141
80820141
1723711d
cea200a1
cacacca6
c6d2c8ce
c2dac4d6
de62c0de
010007b7
cbf84705
010006b7
c29c4791
4a94ced8
cc36463d
010006b7
5683ceb0
946300e1
ce020ce6
879347e2
83a50407
d03e0785
d23e47c1
d43e47a1
07b74772
06930100
df980200
4772dfd4
00176713
07b7df98
a8230100
47720207
02878793
4762e365
07b7c398
a6230100
86930207
47850307
4662c29c
01000737
05070593
2623d710
0e370407
a0230100
06130005
081304c7
d6020387
071143bd
04934471
49150800
058e0893
018e0e93
4a1189be
0f134af5
0313048e
4b79034e
0f934b99
5502020e
08f57163
07b74476
ac230100
a0230407
44e60007
49c64956
4aa64a36
4b864b16
61255c72
56838082
470900e1
00e69d63
47e2ce3e
08078793
078583a9
47c1d03e
4799d23e
5683bf0d
470d00e1
00e69e63
ce3646a1
879347e2
83a90807
d03e0785
d23e47c1
bf09d436
00e15703
01071693
13e382c1
47b1f0f7
bfe9ce3e
0007a023
4572b70d
00256513
00a82023
0006a023
00762023
a283c300
42080006
fea29de3
00072023
52b25c12
d61692e2
5c325292
40548533
00ac6d63
012e2023
0008a023
013ea023
0078a023
014e2023
4572d602
00356513
00a82023
01572023
000f2503
2023dd75
55020007
02f51463
00032023
c1885522
01672023
00032283
9de34188
2023fea2
20230007
5522017e
00afa023
b5f50785
06b71101
17230100
470900a1
4e95ceb8
01d6a023
0613419c
470107e0
02c7d7b3
08068513
07868813
4f994f05
02068893
01868313
419ccc3e
07c68593
02c7f7b3
8793ce3e
4e620c86
05c76363
010007b7
010006b7
01000637
010005b7
87934701
86930c87
061307c6
85930806
48050785
67634572
07b704a7
47190100
46f2c398
ac23d394
a0230407
61050007
0e138082
a28307e0
1e7d0007
0055a023
0007a283
00552023
01e82023
fe0e15e3
01f6a023
00c8a023
01d6a023
01e32023
b7610705
07054388
4388c288
a023c208
b74d0105
01000737
47818109
0c870713
00f51363
43108082
00279693
c29096ae
b7fd0785
0793ca19
8f910200
00f04863
d5331601
470100c5
808285ba
00c5d733
00c55533
00f595b3
b7fd8d4d
0793ca19
8f910200
00f04863
15b31601
470100c5
8082853a
00c51733
00c595b3
00f55533
b7fd8dc9
c6061141
848f80ef
ceafc0ef
0000bff5
00000000
000064f7
ffd83102
fff81503
00039e44
fff42118
fff2a128
00071e24
001bde2b
0023e92b
fffa84ad
ffe0147f
002f9a75
ffd3fb09
002f7a49
0028e527
00299658
000fa070
ffef85a4
0036b788
fff79d90
ffeeeaa0
0027f968
ffdfd37b
ffdfadd6
ffc51ae7
ffeaa4f7
ffcdfc98
001ad035
ffffb422
003d3201
000445c5
00294a67
00017620
002ef4cd
0035dec5
ffe6a503
ffc9302c
ffd947d4
003bbeaf
ffc51585
ffd18e7c
00368a96
ffd43e41
00360400
fffb6a4d
0023d69c
fff7c55d
ffe6123d
ffe6ead6
00357e1e
ffc5af59
0035843f
ffdf5617
ffe7945c
0038738c
000c63a8
00081b9a
000e8f76
003b3853
003b8534
ffd8fc30
001f9d54
ffd54f2d
ffc406e5
ffe8ac81
ffc7e1cf
ffd19819
ffe9d65d
003509ee
002135c7
ffe7cfbb
ffeccf75
001d9772
ffc1b072
fff0bcf6
ffcf5280
ffcfd2ae
ffc890e0
0001efca
003410f2
fff0fe85
0020c638
00296e9f
ffd2b7a3
ffc7a44b
fff9ba6d
ffda3409
fff5c282
ffed4113
ffffa63b
ffec09f7
fffa2bdd
001495d4
001c4563
ffea2c62
ffccfbe9
00040af0
0007c417
002f4588
0000ad00
ffef36be
000dcd44
003c675a
ffc72bca
ffffde7e
00193948
ffce69c0
0024756c
fffcc7df
000b98a1
ffebe808
0002e46c
ffc9c808
003036c2
ffe3bff6
ffdb3c93
fffd4ae0
00141305
00147792
00139e25
ffe7d0e0
fff39944
ffea0802
ffd1eea2
ffc4c79c
ffc8a057
003a97d9
001fea93
0033ff5a
002358d4
003a41f8
ffccff72
00223dfb
ffdaab9f
ffc9a422
000412f5
00252587
ffed24f0
00359b5d
ffca48a0
ffc6a2fc
ffedbb56
ffcf45de
000dbe5e
001c5e1a
000de0e6
000c7f5a
00078f83
ffe7628a
ffff5704
fff806fc
fff60021
ffd05af6
001f0084
0030ef86
ffc9b97d
fff7fcd6
fff44592
ffc921c2
00053919
0004610c
ffdacd41
003eb01b
003472e7
ffcd003b
001a7cc7
00031924
002b5ee5
00291199
ffd87a3a
00134d71
003de11c
00130984
0025f051
00185a46
ffc68518
001314be
00283891
ffc9db90
ffd25089
001c853f
001d0b4b
ffeff6a6
ffeba8be
0012e11b
ffcd5e3e
ffea2d2f
fff91de4
001406c7
00327283
ffe20d6e
ffec7953
001d4099
ffd92578
ffeb05ad
0016e405
000bdbe7
00221de8
0033f8cf
fff7b934
ffd4ca0c
ffe67ff8
ffe3d157
ffd8911b
ffc72c12
000910d8
ffc65e1f
ffe14658
00251d8b
002573b7
fffd7c8f
001ddd98
00336898
0002d4bb
ffed93a7
ffcf6cbe
00027c1c
0018aa08
002dfd71
000c5ca5
0019379a
ffc7a167
ffe48c3d
ffd1a13c
0035c539
003b0115
00041dc0
0021c4f7
fff11bf4
001a35e7
0007340e
fff97d45
001a4cd0
ffe47cae
001d2668
ffe68e98
ffef2633
fffc05da
ffc57fdb
ffd32764
ffdde1af
fff993dd
ffdd1d09
0002cc93
fff11805
00189c2a
ffc9e5a9
fff78a50
003bcf2c
ffff434e
ffeb36df
003c15ca
00155e68
fff316b6
001e29ce
2d484c53
2d415344
32414853
3635322d
00000066
2d484c53
2d415344
32414853
3635322d
00000073
2d484c53
2d415344
32414853
3239312d
00000066
2d484c53
2d415344
32414853
3239312d
00000073
2d484c53
2d415344
32414853
3832312d
00000066
2d484c53
2d415344
32414853
3832312d
00000073
67e6096a
85ae67bb
72f36e3c
3af54fa5
7f520e51
8c68059b
abd9831f
19cde05b
00000000
2321f091
540cfd81
ad401417
97659492
489bfb6f
5c793c8d
29b80b5a
caafc1e1
97d5c17a
78684b07
61abd5f0
6869c0f0
081e983f
6aa441dc
c4673c61
10a6b81b
00000000
67e6096a
08c9bcf3
85ae67bb
3ba7ca84
72f36e3c
2bf894fe
3af54fa5
f1361d5f
7f520e51
d182e6ad
8c68059b
1f6c3e2b
abd9831f
6bbd41fb
19cde05b
79217e13
00000000
2d484c53
2d415344
4b414853
35322d45
00006636
2d484c53
2d415344
4b414853
35322d45
00007336
2d484c53
2d415344
4b414853
39312d45
00006632
2d484c53
2d415344
4b414853
39312d45
00007332
2d484c53
2d415344
4b414853
32312d45
00006638
2d484c53
2d415344
4b414853
32312d45
00007338
0000ceac
00000020
00000044
00000011
00000004
00000009
00000023
00000004
00000031
000060b4
000064d6
000068c2
0000687e
000062b8
00005bc2
000061b2
00005dfa
00006582
00006642
0000cec0
00000020
00000040
00000008
00000008
0000000e
00000016
00000004
0000002f
000060b4
000064d6
000068c2
0000687e
000062b8
00005bc2
000061b2
00005dfa
00006582
00006642
0000ced4
00000018
00000042
00000016
00000003
00000008
00000021
00000004
0000002a
000060b4
0000647e
0000694a
000069d2
000062b8
00005b8c
000061b2
00005dc6
00006582
00006642
0000cee8
00000018
0000003f
00000007
00000009
0000000e
00000011
00000004
00000027
000060b4
0000647e
0000694a
000069d2
000062b8
00005b8c
000061b2
00005dc6
00006582
00006642
0000cefc
00000010
00000042
00000016
00000003
00000006
00000021
00000004
00000022
000060b4
00006426
00006906
0000698e
00005f9a
00005b70
00005e9a
00005d92
00005e2e
00005bf8
0000cf10
00000010
0000003f
00000007
00000009
0000000c
0000000e
00000004
0000001e
000060b4
00006426
00006906
0000698e
00005f9a
00005b70
00005e9a
00005d92
00005e2e
00005bf8
0000cfd0
00000020
00000044
00000011
00000004
00000009
00000023
00000004
00000031
000082a0
000083a4
0000844c
000083f4
0000822c
00007f92
000081c6
00007f46
00008164
00007fae
0000cfe4
00000020
00000040
00000008
00000008
0000000e
00000016
00000004
0000002f
000082a0
000083a4
0000844c
000083f4
0000822c
00007f92
000081c6
00007f46
00008164
00007fae
0000cff8
00000018
00000042
00000016
00000003
00000008
00000021
00000004
0000002a
000082a0
00008354
00008420
00008478
0000822c
00007f76
000081c6
00007f16
00008104
00007fae
0000d00c
00000018
0000003f
00000007
00000009
0000000e
00000011
00000004
00000027
000082a0
00008354
00008420
00008478
0000822c
00007f76
000081c6
00007f16
00008104
00007fae
0000d020
00000010
00000042
00000016
00000003
00000006
00000021
00000004
00000022
000082a0
0000850c
000084d8
000084a4
0000822c
000085ca
000081c6
000085f0
00008568
00007fae
0000d034
00000010
0000003f
00000007
00000009
0000000c
0000000e
00000004
0000001e
000082a0
0000850c
000084d8
000084a4
0000822c
000085ca
000081c6
000085f0
00008568
00007fae
0000d1c4
0000d178
0000d38c
0000d340
0000d12c
0000d0e0
0000d2f4
0000d2a8
0000d094
0000d048
0000d25c
0000d210
00000000
00000000
00000000
00000000
00000000
00000000
00000000
00000000
00000000
00000000
00000000
00000000
00000000
00000000
00000000
00000000
00000000
00000000
00000000
00000000
00000000
00000000
00000000
00000000
00000000
00000000
00000000
00000000
00000000
00000000
00000000
00000000
00000000
00000000
00000000
00000000
00000000
00000000
00000000
00000000
00000000
00000000
00000000
00000000
00000000
00000000
00000000
00000000
00000000
00000000
00000000
00000000
00000000
00000000
00000000
00000000
00000000
00000000
00000000
00000000
00000000
00000000
00000000
00000000
00000000
00000000
00000000
00000000
00000000
00000000
00000000
00000000
00000000
00000000
00000000
00000000
00000000
00000000
00000000
00000000
00000000
00000000
00000000
00000000
00000000
00000000
00000000
00000000
00000000
00000000
00000000
00000000
00000000
00000000
00000000
00000000
00000000
00000000
00000000
00000000
00000000
00000000
00000000
00000000
00000000
00000000
00000000
00000000
00000000
00000000
00000000
00000000
00000000
00000000
00000000
00000000
00000000
00000000
00000000
00000000
00000000
00000000
00000000
00000000
00000000
00000000
00000000
00000000
00000000
00000000
00000000
00000000
00000000
00000000
00000000
00000000
00000000
00000000
00000000
00000000
00000000
00000000
00000000
00000000
00000000
00000000
00000000
00000000
00000000
00000000
00000000
00000000
00000000
00000000
00000000
00000000
00000000
00000000
00000000
00000000
00000000
00000000
00000000
00000000
00000000
00000000
00000000
00000000
00000000
00000000
00000000
00000000
00000000
00000000
00000000
00000000
00000000
00000000
00000000
00000000
00000000
00000000
00000000
00000000
00000000
00000000
00000000
00000000
00000000
00000000
00000000
00000000
00000000
00000000
00000000
00000000
00000000
00000000
00000000
00000000
00000000
00000000
00000000
00000000
00000000
00000000
00000000
00000000
00000000
00000000
00000000
00000000
00000000
00000000
00000000
00000000
00000000
00000000
00000000
00000000
00000000
00000000
00000000
00000000
00000000
00000000
00000000
00000000
00000000
00000000
00000000
00000000
00000000
00000000
00000000
00000000
00000000
00000000
00000000
00000000
00000000
00000000
00000000
00000000
00000000
00000000
00000000
00000000
00000000
00000000
00000000
00000000
00000000
00000000
00000000
00000000
00000000
00000000
00000000
00000000
00000000
00000000
00000000
00000000
00000000
00000000
00000000
00000000
00000000
00000000
00000000
00000000
00000000
00000000
00000000
00000000
00000000
00000000
00000000
00000000
00000000
00000000
00000000
00000000
00000000
00000000
00000000
00000000
00000000
00000000
00000000
00000000
00000000
00000000
00000000
00000000
00000000
00000000
00000000
00000000
00000000
00000000
00000000
00000000
00000000
00000000
00000000
00000000
00000000
00000000
00000000
00000000
00000000
00000000
00000000
00000000
00000000
00000000
00000000
00000000
00000000
00000000
00000000
00000000
00000000
00000000
00000000
00000000
00000000
00000000
00000000
00000000
00000000
00000000
00000000
00000000
00000000
00000000
00000000
00000000
00000000
00000000
00000000
00000000
00000000
00000000
00000000
00000000
00000000
00000000
00000000
00000000
00000000
00000000
00000000
00000000
00000000
00000000
00000000
00000000
00000000
00000000
00000000
00000000
00000000
00000000
00000000
00000000
00000000
00000000
00000000
00000000
00000000
00000000
00000000
00000000
00000000
00000000
00000000
00000000
00000000
00000000
00000000
00000000
00000000
00000000
00000000
00000000
00000000
00000000
00000000
00000000
00000000
00000000
00000000
00000000
00000000
00000000
00000000
00000000
00000000
00000000
00000000
00000000
00000000
00000000
00000000
00000000
00000000
00000000
00000000
00000000
00000000
00000000
00000000
00000000
00000000
00000000
00000000
00000000
00000000
00000000
00000000
00000000
00000000
00000000
00000000
00000000
00000000
00000000
00000000
00000000
00000000
00000000
00000000
00000000
00000000
00000000
00000000
00000000
00000000
00000000
00000000
00000000
00000000
00000000
00000000
00000000
00000000
00000000
00000000
00000000
00000000
00000000
00000000
00000000
00000000
00000000
00000000
00000000
00000000
00000000
00000000
00000000
00000000
00000000
00000000
00000000
00000000
00000000
00000000
00000000
00000000
00000000
00000000
00000000
00000000
00000000
00000000
00000000
00000000
00000000
00000000
00000000
00000000
00000000
00000000
00000000
00000000
00000000
00000000
00000000
00000000
00000000
00000000
00000000
00000000
00000000
00000000
00000000
00000000
00000000
00000000
00000000
00000000
00000000
00000000
00000000
00000000
00000000
00000000
00000000
00000000
00000000
00000000
00000000
00000000
00000000
00000000
00000000
00000000
00000000
00000000
00000000
00000000
00000000
00000000
00000000
00000000
00000000
00000000
00000000
00000000
00000000
00000000
00000000
00000000
00000000
00000000
00000000
00000000
00000000
00000000
00000000
00000000
00000000
00000000
00000000
00000000
00000000
00000000
00000000
00000000
00000000
00000000
00000000
00000000
00000000
00000000
00000000
00000000
00000000
00000000
00000000
00000000
00000000
00000000
00000000
00000000
00000000
00000000
00000000
00000000
00000000
00000000
00000000
00000000
00000000
00000000
00000000
00000000
00000000
00000000
00000000
00000000
00000000
00000000
00000000
00000000
00000000
00000000
00000000
00000000
00000000
00000000
00000000
00000000
00000000
00000000
00000000
00000000
00000000
00000000
00000000
00000000
00000000
00000000
00000000
00000000
00000000
00000000
00000000
00000000
00000000
00000000
00000000
00000000
00000000
00000000
00000000
00000000
00000000
00000000
00000000
00000000
00000000
00000000
00000000
00000000
00000000
00000000
00000000
00000000
00000000
00000000
00000000
00000000
00000000
00000000
00000000
00000000
00000000
00000000
00000000
00000000
00000000
00000000
00000000
00000000
00000000
00000000
00000000
00000000
00000000
00000000
00000000
00000000
00000000
00000000
00000000
00000000
00000000
00000000
00000000
00000000
00000000
00000000
00000000
00000000
00000000
00000000
00000000
00000000
00000000
00000000
00000000
00000000
00000000
00000000
00000000
00000000
00000000
00000000
00000000
00000000
00000000
00000000
00000000
00000000
00000000
00000000
00000000
00000000
00000000
00000000
00000000
00000000
00000000
00000000
00000000
00000000
00000000
00000000
00000000
00000000
00000000
00000000
00000000
00000000
00000000
00000000
00000000
00000000
00000000
00000000
00000000
00000000
00000000
00000000
00000000
00000000
00000000
00000000
00000000
00000000
00000000
00000000
00000000
00000000
00000000
00000000
00000000
00000000
00000000
00000000
00000000
00000000
00000000
00000000
00000000
00000000
00000000
00000000
00000000
00000000
00000000
00000000
00000000
00000000
00000000
00000000
00000000
00000000
00000000
00000000
00000000
00000000
00000000
00000000
00000000
00000000
00000000
00000000
00000000
00000000
00000000
00000000
00000000
00000000
00000000
00000000
00000000
00000000
00000000
00000000
00000000
00000000
00000000
00000000
00000000
00000000
00000000
00000000
00000000
00000000
00000000
00000000
00000000
00000000
00000000
00000000
00000000
00000000
00000000
00000000
00000000
00000000
00000000
00000000
00000000
00000000
00000000
00000000
00000000
00000000
00000000
00000000
00000000
00000000
00000000
00000000
00000000
00000000
00000000
00000000
00000000
00000000
00000000
00000000
00000000
00000000
00000000
00000000
00000000
00000000
00000000
00000000
00000000
00000000
00000000
00000000
00000000
00000000
00000000
00000000
00000000
00000000
00000000
00000000
00000000
00000000
00000000
00000000
00000000
00000000
00000000
00000000
00000000
00000000
00000000
00000000
00000000
00000000
00000000
00000000
00000000
00000000
00000000
00000000
00000000
00000000
00000000
00000000
00000000
00000000
00000000
00000000
00000000
00000000
00000000
00000000
00000000
00000000
00000000
00000000
00000000
00000000
00000000
00000000
00000000
00000000
00000000
00000000
00000000
00000000
00000000
00000000
00000000
00000000
00000000
00000000
00000000
00000000
00000000
00000000
00000000
00000000
00000000
00000000
00000000
00000000
00000000
00000000
00000000
00000000
00000000
00000000
00000000
00000000
00000000
00000000
00000000
00000000
00000000
00000000
00000000
00000000
00000000
00000000
00000000
00000000
00000000
00000000
00000000
00000000
00000000
00000000
00000000
00000000
00000000
00000000
00000000
00000000
00000000
00000000
00000000
00000000
00000000
00000000
00000000
00000000
00000000
00000000
00000000
00000000
00000000
00000000
00000000
00000000
00000000
00000000
00000000
00000000
00000000
00000000
00000000
00000000
00000000
00000000
00000000
00000000
00000000
00000000
00000000
00000000
00000000
00000000
00000000
00000000
00000000
00000000
00000000
00000000
00000000
00000000
00000000
00000000
00000000
00000000
00000000
00000000
00000000
00000000
00000000
00000000
00000000
00000000
00000000
00000000
00000000
00000000
00000000
00000000
00000000
00000000
00000000
00000000
00000000
00000000
00000000
00000000
00000000
00000000
00000000
00000000
00000000
00000000
00000000
00000000
00000000
00000000
00000000
00000000
00000000
00000000
00000000
00000000
00000000
00000000
00000000
00000000
00000000
00000000
00000000
00000000
00000000
00000000
00000000
0000e570
0000e530
0000e4f0
0000e4b0
0000e470
0000e430
53444c4d
00000041
0f002008
00000000
00000000
00000000
00000000
00000000
00000000
00000000
00000000
00000000
00000000
00000000
00000000
00000000
454b4c4d
0000004d
0e002008
00000000
00000000
00000000
00000000
00000000
00000000
00000000
00000000
00000000
00000000
00000000
00000000
00000000
44484c53
00004153
0a008008
00000000
00000000
00000000
00000000
00000000
00000000
00000000
00000000
00000000
00000000
00000000
00000000
00000000
53444445
00000041
08004008
00000000
00000000
00000000
00000000
00000000
00000000
00000000
00000000
00000000
00000000
00000000
00000000
00000000
35353258
00003931
06004008
00000000
00000000
00000000
00000000
00000000
00000000
00000000
00000000
00000000
00000000
00000000
00000000
00000000
00534541
00000000
00002030
00000000
00000000
00000000
00000000
00000000
00000000
00000000
00000000
00000000
00000000
00000000
00000000
00000000
